,name,nationality,team,minutes_90s,passes_completed,passes,passes_pct,passes_total_distance,passes_progressive_distance,passes_completed_short,passes_short,passes_pct_short,passes_completed_medium,passes_medium,passes_pct_medium,passes_completed_long,passes_long,passes_pct_long,assists,xg_assist,pass_xa,xg_assist_net,assisted_shots,passes_into_final_third,passes_into_penalty_area,crosses_into_penalty_area,progressive_passes,position,age,born
0,Keyliane Abdallah,fr FRA,Marseille,0.0,1,1,100.0,8,0,1,1,100.0,0,0,,0,0,,0,0.0,0.0,0.0,0,0,0,0,0,FW,18-058,2006
1,Yunis Abdelhamid,ma MAR,Reims,30.9,1552,1836,84.5,29618,9672,487,548,88.9,893,976,91.5,141,252,56.0,0,0.3,0.6,-0.3,8,129,3,0,137,DF,36-248,1987
2,Salis Abdul Samed,gh GHA,Lens,16.9,796,895,88.9,12470,3008,393,433,90.8,330,360,91.7,41,54,75.9,0,0.5,1.1,-0.5,6,87,5,2,78,MF,24-068,2000
3,Laurent Abergel,fr FRA,Lorient,31.8,1551,1836,84.5,27382,8613,629,707,89.0,711,802,88.7,150,233,64.4,1,2.2,1.9,-1.2,30,188,23,3,194,MF,31-122,1993
4,Matthis Abline,fr FRA,Nantes,11.6,162,231,70.1,2410,448,91,128,71.1,52,68,76.5,9,11,81.8,0,2.0,0.9,-2.0,17,6,7,2,20,FW,21-066,2003
5,Zakaria Aboukhlal,ma MAR,Toulouse,8.4,140,196,71.4,2025,599,70,95,73.7,53,66,80.3,6,8,75.0,0,0.2,1.1,-0.2,5,10,9,1,20,"MF,FW",24-105,2000
6,Bénie Adama Traore,ci CIV,Nantes,5.6,99,148,66.9,1513,448,58,73,79.5,30,42,71.4,6,17,35.3,1,0.9,1.3,+0.1,8,9,4,2,15,"FW,MF",21-185,2002
7,Akor Adams,ng NGA,Montpellier,25.0,250,385,64.9,3676,786,125,185,67.6,89,126,70.6,14,29,48.3,1,1.9,1.4,-0.9,17,14,4,2,17,FW,24-125,2000
8,Nathaniel Adjei,gh GHA,Lorient,13.8,578,669,86.4,10635,4097,216,246,87.8,294,323,91.0,52,73,71.2,0,0.1,0.5,-0.1,3,38,1,0,34,DF,21-286,2002
9,Adryelson,br BRA,Lyon,0.1,5,5,100.0,75,28,3,3,100.0,2,2,100.0,0,0,,0,0.0,0.0,0.0,0,0,0,0,0,"DF,FW",26-071,1998
10,Adson,br BRA,Nantes,2.6,115,130,88.5,1750,378,61,64,95.3,40,46,87.0,8,10,80.0,0,0.1,0.3,-0.1,3,11,4,0,15,"MF,FW",23-240,2000
11,Emmanuel Agbadou,ci CIV,Reims,28.8,1599,1838,87.0,32774,10984,476,525,90.7,855,926,92.3,240,343,70.0,1,1.5,1.6,-0.5,12,172,5,1,179,DF,26-351,1997
12,Ruben Aguilar,fr FRA,Lens,21.4,1044,1282,81.4,15383,5987,594,666,89.2,369,443,83.3,44,93,47.3,3,2.9,4.0,+0.1,26,73,42,14,110,DF,31-037,1993
13,Tosin Aiyegun,bj BEN,Lorient,10.0,154,203,75.9,2377,486,73,98,74.5,58,70,82.9,10,15,66.7,0,0.3,0.3,-0.3,7,7,2,0,16,"MF,FW",25-342,1998
14,Sergio Akieme,es ESP,Reims,9.1,277,350,79.1,4318,1253,148,163,90.8,109,133,82.0,14,37,37.8,0,0.4,0.4,-0.4,6,15,4,2,20,DF,26-169,1997
15,Maghnes Akliouche,fr FRA,Monaco,17.9,645,833,77.4,9118,2859,380,444,85.6,196,246,79.7,32,69,46.4,4,3.5,3.4,+0.5,38,64,38,3,93,"MF,FW",22-098,2002
16,Paul Akouokou,ci CIV,Lyon,3.4,158,185,85.4,2723,717,61,73,83.6,76,81,93.8,14,19,73.7,0,0.0,0.1,0.0,0,16,0,0,13,MF,26-165,1997
17,Aboubacar Ali,fr FRA,Strasbourg,1.4,22,34,64.7,287,51,14,19,73.7,7,12,58.3,0,0,,1,0.1,0.1,+0.9,1,4,1,0,3,"MF,FW",18-061,2006
18,Mohamed Ali Cho,fr FRA,Nice,9.6,193,268,72.0,3014,731,111,133,83.5,66,90,73.3,11,27,40.7,2,2.0,1.4,0.0,14,10,11,2,25,FW,20-135,2004
19,Nabil Alioui,fr FRA,Le Havre,11.2,228,358,63.7,3856,1464,118,151,78.1,64,92,69.6,35,83,42.2,1,2.2,2.5,-1.2,24,35,15,3,43,"MF,FW",25-105,1999
20,Jim Allevinah,ga GAB,Clermont Foot,20.7,589,743,79.3,8314,2195,321,375,85.6,206,264,78.0,20,42,47.6,1,1.2,1.4,-0.2,20,36,20,8,52,"MF,DF",29-096,1995
21,Skelly Alvero,fr FRA,Lyon,4.7,159,193,82.4,2519,738,83,95,87.4,60,75,80.0,12,16,75.0,0,0.0,0.2,0.0,1,17,3,1,27,MF,22-029,2002
22,Papa Amadou Diallo,sn SEN,Metz,9.9,167,257,65.0,2726,899,86,121,71.1,64,98,65.3,12,24,50.0,1,0.9,0.7,+0.1,12,17,6,2,30,FW,19-343,2004
23,Jordan Amavi,fr FRA,Brest,1.0,47,54,87.0,858,247,18,20,90.0,25,29,86.2,4,4,100.0,0,0.0,0.0,0.0,0,2,0,0,2,DF,30-085,1994
24,Kelvin Amian,fr FRA,Nantes,8.9,268,350,76.6,4336,1782,142,159,89.3,100,127,78.7,22,45,48.9,1,0.6,0.7,+0.4,5,26,4,2,28,DF,26-115,1998
25,Michael Amir Murillo,pa PAN,Marseille,11.1,492,602,81.7,8248,2497,220,257,85.6,222,268,82.8,35,54,64.8,2,1.2,1.2,+0.8,7,26,8,2,35,DF,28-112,1996
26,Benjamin André,fr FRA,Lille,28.6,1598,1919,83.3,26448,7329,751,860,87.3,648,733,88.4,123,199,61.8,0,1.3,2.2,-1.3,19,173,9,2,180,MF,33-304,1990
27,Komnen Andrić,rs SRB,Clermont Foot,1.9,45,59,76.3,600,72,26,33,78.8,15,18,83.3,1,2,50.0,0,0.2,0.1,-0.2,4,4,1,0,5,FW,28-337,1995
28,Stredair Appuah,fr FRA,Nantes,0.9,14,23,60.9,184,39,5,7,71.4,7,7,100.0,0,5,0.0,0,0.0,0.0,0.0,0,1,0,0,0,"FW,MF",19-341,2004
29,Yoël Armougom,fr FRA,Clermont Foot,2.6,97,131,74.0,1282,363,61,70,87.1,29,39,74.4,2,15,13.3,0,0.3,0.2,-0.3,5,5,6,3,12,"DF,MF",25-363,1998
30,Hákon Arnar Haraldsson,is ISL,Lille,14.3,451,549,82.1,6644,1432,227,272,83.5,165,195,84.6,26,33,78.8,0,1.5,1.6,-1.5,15,38,11,1,48,"FW,MF",21-053,2003
31,Mohamed El Arouch,fr FRA,Lyon,0.0,1,1,100.0,22,22,0,0,,1,1,100.0,0,0,,0,0.0,0.0,0.0,0,0,0,0,0,FW,20-057,2004
32,Marco Asensio,es ESP,Paris S-G,12.4,545,656,83.1,8033,2110,304,334,91.0,185,208,88.9,27,68,39.7,5,5.8,4.3,-0.8,33,49,22,5,71,"MF,FW",28-133,1996
33,Joel Asoro,se SWE,Metz,9.4,94,147,63.9,1492,451,47,64,73.4,29,40,72.5,11,23,47.8,1,0.3,0.3,+0.7,8,9,6,3,16,"FW,MF",25-036,1999
34,Lorenz Assignon,tg TOG,Rennes,11.2,516,600,86.0,8700,2414,220,236,93.2,247,284,87.0,34,47,72.3,1,1.8,1.3,-0.8,20,32,12,5,51,DF,23-346,2000
35,Youcef Atal,dz ALG,Nice,4.0,214,238,89.9,3127,832,125,132,94.7,67,73,91.8,14,19,73.7,0,0.8,0.4,-0.8,4,8,3,1,15,DF,28-016,1996
36,Valentin Atangana Edoa,fr FRA,Reims,6.2,155,179,86.6,2784,585,50,60,83.3,90,97,92.8,10,12,83.3,0,0.1,0.3,-0.1,2,14,1,1,21,MF,18-282,2005
37,Arthur Atta,fr FRA,Metz,10.3,301,401,75.1,5603,1409,121,154,78.6,131,157,83.4,39,65,60.0,2,1.3,0.5,+0.7,12,37,12,4,48,"MF,FW",21-140,2003
38,Pierre-Emerick Aubameyang,ga GAB,Marseille,29.1,444,660,67.3,6310,1446,261,357,73.1,141,204,69.1,16,39,41.0,8,5.6,4.4,+2.4,27,29,27,5,58,FW,34-350,1989
39,André Ayew,gh GHA,Le Havre,12.3,197,266,74.1,2678,655,127,157,80.9,55,72,76.4,5,9,55.6,0,0.8,0.5,-0.8,8,26,4,1,23,FW,34-168,1989
40,Neil El Aynaoui,fr FRA,Lens,17.4,576,670,86.0,8486,2193,302,344,87.8,209,230,90.9,25,43,58.1,2,0.8,0.9,+1.2,16,66,10,1,59,MF,22-336,2001
41,Abdellah Baallal,ma MAR,Clermont Foot,0.0,3,4,75.0,40,0,2,3,66.7,1,1,100.0,0,0,,0,0.0,0.0,0.0,0,0,0,0,0,MF,19-208,2004
42,Shavy Babicka,ga GAB,Toulouse,4.1,77,127,60.6,1188,236,41,58,70.7,27,45,60.0,5,6,83.3,0,0.1,0.4,-0.1,2,3,7,3,8,"FW,MF",24-001,2000
43,Aliou Badara Baldé,sn SEN,Nice,0.8,15,30,50.0,183,33,12,17,70.6,2,9,22.2,0,1,0.0,0,0.0,0.0,0.0,0,0,0,0,2,"FW,DF",21-173,2002
44,Tiemoué Bakayoko,fr FRA,Lorient,14.6,550,637,86.3,9243,2584,251,282,89.0,240,270,88.9,42,50,84.0,1,0.5,0.3,+0.5,4,55,2,0,54,MF,29-290,1994
45,Dilane Bakwa,fr FRA,Strasbourg,24.2,587,862,68.1,10108,3121,282,345,81.7,214,299,71.6,64,153,41.8,6,6.2,4.6,-0.2,49,50,36,10,92,"FW,MF",21-281,2002
46,Carlos Baleba,cm CMR,Lille,0.7,39,45,86.7,627,100,20,22,90.9,12,13,92.3,4,6,66.7,0,0.0,0.0,0.0,0,5,0,0,3,MF,20-151,2004
47,Leonardo Balerdi,ar ARG,Marseille,25.2,1402,1628,86.1,26569,9543,520,562,92.5,678,753,90.0,169,260,65.0,0,0.2,0.5,-0.2,5,115,3,0,122,DF,25-128,1999
48,Folarin Balogun,us USA,Monaco,18.8,263,365,72.1,3304,588,150,187,80.2,73,98,74.5,5,16,31.3,5,3.3,1.9,+1.7,26,20,11,0,30,FW,22-335,2001
49,Mohamed Bamba,ci CIV,Lorient,12.6,185,256,72.3,2456,373,96,129,74.4,69,88,78.4,3,4,75.0,3,2.1,1.2,+0.9,14,8,10,0,16,FW,22-175,2001
50,Mamady Bangré,bf BFA,Toulouse,1.1,59,74,79.7,791,234,27,32,84.4,21,26,80.8,2,4,50.0,1,0.7,0.6,+0.3,6,2,5,2,9,"FW,MF",22-353,2001
51,Bradley Barcola,fr FRA,Lyon,3.0,70,90,77.8,946,275,50,60,83.3,18,21,85.7,2,4,50.0,0,0.3,0.4,-0.3,4,5,3,0,9,FW,21-274,2002
52,Bradley Barcola,fr FRA,Paris S-G,15.2,436,562,77.6,6173,1516,281,339,82.9,135,170,79.4,10,23,43.5,7,5.2,4.2,+1.8,29,26,19,1,56,"FW,MF",21-274,2002
53,Melvin Bard,fr FRA,Nice,29.5,1457,1784,81.7,23609,6956,719,805,89.3,607,702,86.5,86,192,44.8,2,2.8,2.3,-0.8,18,77,26,14,111,DF,23-209,2000
54,Steven Baseya,fr FRA,Strasbourg,0.1,11,12,91.7,203,78,3,3,100.0,8,8,100.0,0,1,0.0,0,0.0,0.0,0.0,0,0,0,0,0,DF,19-140,2005
55,Mohamed Bechikh,fr FRA,Strasbourg,0.2,5,5,100.0,83,0,2,2,100.0,3,3,100.0,0,0,,0,0.0,0.0,0.0,0,0,0,0,0,"FW,MF",18-325,2005
56,Yanis Begraoui,ma MAR,Toulouse,3.3,70,97,72.2,881,201,37,45,82.2,26,36,72.2,0,2,0.0,0,0.1,0.1,-0.1,2,8,1,0,8,"FW,MF",22-334,2001
57,Jérémie Bela,ao ANG,Clermont Foot,2.3,70,100,70.0,1031,311,37,46,80.4,26,38,68.4,4,8,50.0,0,0.1,0.2,-0.1,3,7,3,1,10,"MF,FW",31-055,1993
58,Reda Belahyane,fr FRA,Nice,0.3,13,15,86.7,183,17,9,10,90.0,4,4,100.0,0,0,,0,0.0,0.0,0.0,0,1,1,0,1,MF,20-001,2004
59,Alaa Bellaarouch,ma MAR,Strasbourg,15.0,352,504,69.8,9261,5681,63,63,100.0,189,196,96.4,97,238,40.8,0,0.0,0.0,0.0,1,11,1,0,0,GK,22-153,2002
60,Jean-Ricner Bellegarde,fr FRA,Strasbourg,3.0,67,96,69.8,1138,298,30,38,78.9,32,43,74.4,5,10,50.0,2,1.5,1.1,+0.5,3,10,1,0,11,"MF,FW",25-341,1998
61,Jeanuël Belocian,fr FRA,Rennes,16.1,759,862,88.1,14203,4121,239,273,87.5,415,452,91.8,74,94,78.7,1,0.4,0.3,+0.6,6,57,3,1,60,DF,19-106,2005
62,Eliesse Ben Seghir,ma MAR,Monaco,4.8,174,215,80.9,2671,572,90,104,86.5,63,75,84.0,9,18,50.0,1,0.5,0.6,+0.5,5,14,6,1,21,"MF,FW",19-107,2005
63,Wissam Ben Yedder,fr FRA,Monaco,25.7,555,752,73.8,7382,1881,345,430,80.2,149,210,71.0,22,33,66.7,2,4.3,5.7,-2.3,37,53,34,1,96,FW,33-295,1990
64,Saïd Benrahma,dz ALG,Lyon,8.6,238,349,68.2,3752,1205,120,145,82.8,82,124,66.1,20,44,45.5,3,3.6,3.7,-0.6,23,16,21,11,34,"FW,MF",28-297,1995
65,Nabil Bentaleb,dz ALG,Lille,21.9,1248,1454,85.8,22387,6885,519,584,88.9,545,606,89.9,144,199,72.4,3,0.9,0.8,+2.1,14,147,9,0,136,MF,29-191,1994
66,Lucas Beraldo,br BRA,Paris S-G,11.2,867,968,89.6,15514,5185,309,354,87.3,482,513,94.0,56,72,77.8,0,0.2,0.2,-0.2,4,65,2,0,44,DF,20-191,2003
67,Dimitry Bertaud,cd COD,Montpellier,4.0,91,142,64.1,2762,1980,10,10,100.0,46,47,97.9,35,84,41.7,0,0.0,0.0,0.0,0,3,0,0,0,GK,25-362,1998
68,Marco Bizot,nl NED,Brest,32.0,826,1100,75.1,25531,18973,95,95,100.0,404,404,100.0,325,595,54.6,0,0.1,0.1,-0.1,3,15,0,0,1,GK,33-084,1991
69,Rubén Blanco,es ESP,Marseille,1.3,43,51,84.3,1046,765,15,15,100.0,17,17,100.0,11,19,57.9,0,0.0,0.0,0.0,0,2,0,0,2,GK,28-313,1995
70,Ludovic Blas,fr FRA,Rennes,17.4,395,506,78.1,7024,1852,164,189,86.8,168,215,78.1,44,71,62.0,1,1.7,1.9,-0.7,20,37,18,4,59,"FW,MF",26-154,1997
71,Myron Boadu,nl NED,Monaco,0.9,10,15,66.7,114,23,5,10,50.0,2,2,100.0,1,1,100.0,0,0.0,0.0,0.0,0,0,0,0,1,FW,23-140,2001
72,Jeremie Boga,ci CIV,Nice,22.2,583,753,77.4,8887,2093,347,397,87.4,173,219,79.0,43,87,49.4,6,4.2,4.3,+1.8,33,28,28,4,64,FW,27-151,1997
73,Adama Bojang,gm GAM,Reims,0.9,17,27,63.0,182,66,14,19,73.7,1,2,50.0,1,1,100.0,0,0.0,0.1,0.0,1,0,0,0,1,FW,20-005,2004
74,Ângelo Borges,br BRA,Strasbourg,12.2,300,426,70.4,4918,1875,139,180,77.2,129,171,75.4,22,49,44.9,3,3.3,3.0,-0.3,26,32,25,9,59,"FW,MF",19-164,2004
75,Neto Borges,br BRA,Clermont Foot,28.0,1148,1422,80.7,18050,6542,570,644,88.5,472,572,82.5,60,126,47.6,1,2.8,2.5,-1.8,25,62,17,10,88,DF,27-263,1996
76,Saïmon Bouabré,fr FRA,Monaco,0.5,15,17,88.2,220,42,9,11,81.8,5,5,100.0,1,1,100.0,0,0.0,0.0,0.0,0,2,0,0,3,MF,18-001,2006
77,Ayyoub Bouaddi,fr FRA,Lille,1.5,103,115,89.6,1783,594,46,51,90.2,44,46,95.7,11,14,78.6,0,0.0,0.0,0.0,1,10,1,1,12,MF,16-244,2007
78,Badredine Bouanani,dz ALG,Nice,1.8,54,70,77.1,959,207,24,31,77.4,20,24,83.3,9,13,69.2,0,0.5,0.4,-0.5,6,1,3,3,2,FW,19-177,2004
79,Badredine Bouanani,dz ALG,Lorient,4.9,146,180,81.1,2763,796,60,72,83.3,59,68,86.8,23,28,82.1,0,0.9,1.0,-0.9,9,13,13,2,32,MF,19-177,2004
80,Mohamed Bouchenna,fr FRA,Clermont Foot,0.3,8,8,100.0,122,49,3,3,100.0,3,3,100.0,1,1,100.0,0,0.2,0.0,-0.2,1,1,0,0,1,"MF,FW",17-353,2006
81,Hicham Boudaoui,dz ALG,Nice,17.9,601,717,83.8,9088,2370,318,361,88.1,221,251,88.0,36,56,64.3,0,1.8,1.3,-1.8,21,44,19,2,78,MF,24-253,1999
82,Benjamin Bourigeaud,fr FRA,Rennes,26.9,1197,1566,76.4,23252,7305,427,517,82.6,567,677,83.8,166,295,56.3,6,6.7,6.2,-0.7,69,136,44,10,178,"MF,FW",30-140,1994
83,Bilal Boutobba,fr FRA,Clermont Foot,10.3,273,395,69.1,4089,1266,157,191,82.2,81,115,70.4,22,55,40.0,1,1.7,1.5,-0.7,12,26,17,9,43,"FW,MF",25-278,1998
84,Hugo Boutsingkham,fr FRA,Nantes,0.1,1,1,100.0,6,0,1,1,100.0,0,0,,0,0,,0,0.0,0.0,0.0,0,0,0,0,0,"MF,FW",21-134,2003
85,Bilal Brahimi,dz ALG,Nice,0.1,10,13,76.9,120,50,8,8,100.0,2,5,40.0,0,0,,0,0.1,0.0,-0.1,1,0,0,0,0,FW,24-080,2000
86,Bilal Brahimi,dz ALG,Brest,2.5,72,122,59.0,1213,394,39,55,70.9,23,43,53.5,7,16,43.8,0,0.3,0.8,-0.3,6,4,4,3,9,"FW,MF",24-080,2000
87,Lilian Brassier,fr FRA,Brest,29.7,1503,1810,83.0,33730,12106,362,400,90.5,835,915,91.3,289,464,62.3,0,0.6,0.9,-0.6,6,114,8,3,121,DF,24-213,1999
88,Maxime Busi,be BEL,Reims,1.8,71,95,74.7,1205,526,30,32,93.8,35,46,76.1,4,11,36.4,0,0.2,0.1,-0.2,3,2,1,0,3,"FW,DF",24-232,1999
89,Marcin Bułka,pl POL,Nice,34.0,1060,1235,85.8,21917,13487,351,355,98.9,500,513,97.5,185,337,54.9,0,0.0,0.1,0.0,0,1,0,0,0,GK,24-242,1999
90,Rémy Cabella,fr FRA,Lille,16.4,732,908,80.6,10534,3045,399,455,87.7,248,306,81.0,35,71,49.3,2,3.3,3.6,-1.3,32,67,24,0,106,"FW,MF",34-086,1990
91,Duje Ćaleta-Car,hr CRO,Lyon,22.1,1051,1204,87.3,20032,7213,370,396,93.4,571,622,91.8,86,149,57.7,0,1.0,1.1,-1.0,7,45,2,0,61,DF,27-259,1996
92,Lamine Camara,sn SEN,Metz,25.1,715,983,72.7,15402,5083,211,268,78.7,349,434,80.4,140,240,58.3,4,3.3,2.7,+0.7,41,80,12,5,97,MF,20-153,2004
93,Mahdi Camara,fr FRA,Brest,22.4,693,852,81.3,10625,2324,346,414,83.6,270,317,85.2,38,59,64.4,3,3.1,2.4,-0.1,32,63,18,10,81,MF,25-338,1998
94,Mohamed Camara,ml MLI,Monaco,11.5,707,769,91.9,12236,3295,310,331,93.7,298,315,94.6,75,85,88.2,2,0.6,0.9,+1.4,14,79,9,1,76,MF,24-148,2000
95,Axel Camblan,fr FRA,Brest,1.0,18,22,81.8,294,39,4,4,100.0,10,13,76.9,1,1,100.0,0,0.0,0.0,0.0,1,0,0,0,1,FW,20-277,2003
96,Fali Candé,gw GNB,Metz,20.5,628,799,78.6,14351,5183,141,170,82.9,373,422,88.4,113,192,58.9,1,0.5,0.2,+0.5,6,38,2,0,38,DF,26-130,1998
97,Gino Caoki,fr FRA,Lorient,0.1,2,4,50.0,26,14,2,2,100.0,0,1,0.0,0,1,0.0,0,0.0,0.0,0.0,0,0,0,0,0,MF,19-321,2004
98,Maxence Caqueret,fr FRA,Lyon,33.6,1661,2009,82.7,27376,10233,790,894,88.4,670,774,86.6,134,211,63.5,3,6.0,7.2,-3.0,57,205,62,7,286,MF,24-108,2000
99,Igor Carioca,br BRA,Lorient,2.9,115,162,71.0,1807,594,63,77,81.8,38,52,73.1,10,18,55.6,0,0.3,0.5,-0.3,2,5,3,2,8,"DF,MF",27-286,1996
100,Antonin Cartillier,fr FRA,Monaco,0.1,1,3,33.3,10,7,1,1,100.0,0,0,,0,2,0.0,0,0.0,0.0,0.0,0,0,0,0,0,DF,19-345,2004
101,Josué Casimir,fr FRA,Le Havre,22.4,572,781,73.2,8814,2672,287,363,79.1,224,290,77.2,33,75,44.0,5,4.3,3.0,+0.7,31,34,19,5,62,"FW,DF",22-252,2001
102,Cristian Cásseres Jr.,ve VEN,Toulouse,21.6,837,1030,81.3,14686,3969,366,424,86.3,376,432,87.0,79,128,61.7,3,1.7,2.0,+1.3,15,65,5,2,87,MF,24-134,2000
103,Jean-Charles Castelletto,cm CMR,Nantes,27.4,1147,1340,85.6,20580,7724,429,470,91.3,590,661,89.3,93,161,57.8,0,0.8,1.2,-0.8,10,85,10,3,100,DF,29-128,1995
104,Maximiliano Caufriez,be BEL,Clermont Foot,18.4,780,892,87.4,13811,4348,328,360,91.1,347,384,90.4,82,109,75.2,1,0.2,0.3,+0.8,9,48,5,2,61,DF,27-107,1997
105,Ivan Cavaleiro,pt POR,Lille,8.6,207,282,73.4,2965,777,131,154,85.1,57,80,71.3,11,26,42.3,1,1.2,1.7,-0.2,12,7,10,2,23,FW,30-228,1993
106,Fabien Centonze,fr FRA,Nantes,1.0,37,51,72.5,640,242,15,20,75.0,16,21,76.2,5,8,62.5,0,0.0,0.2,0.0,0,1,3,3,1,DF,28-138,1996
107,Fares Chaïbi,dz ALG,Toulouse,0.6,28,40,70.0,472,135,12,14,85.7,10,14,71.4,3,8,37.5,1,0.2,0.2,+0.8,2,3,2,0,5,"FW,MF",21-187,2002
108,Muhammed Cham,at AUT,Clermont Foot,28.4,1055,1327,79.5,17640,4627,491,544,90.3,409,498,82.1,107,192,55.7,4,3.1,4.0,+0.9,49,99,34,1,161,"MF,FW",23-250,2000
109,Brendan Chardonnet,fr FRA,Brest,33.0,1511,1824,82.8,32477,10685,401,441,90.9,849,918,92.5,238,421,56.5,1,1.6,1.3,-0.6,10,110,8,2,115,DF,29-163,1994
110,Jhoanner Chávez,ec ECU,Lens,5.3,173,222,77.9,2816,1043,91,109,83.5,60,72,83.3,15,26,57.7,0,0.5,0.6,-0.5,4,13,6,2,15,DF,22-038,2002
111,Rayan Cherki,fr FRA,Lyon,19.1,830,1069,77.6,14766,4022,364,451,80.7,336,400,84.0,98,152,64.5,6,4.2,5.5,+1.8,42,85,43,6,138,"MF,FW",20-290,2003
112,Lucas Chevalier,fr FRA,Lille,33.0,914,1186,77.1,21421,14432,260,262,99.2,431,434,99.3,215,478,45.0,0,0.1,0.1,-0.1,2,9,2,0,2,GK,22-209,2001
113,Pedro Chirivella,es ESP,Nantes,28.8,1494,1743,85.7,25864,7906,653,701,93.2,631,692,91.2,146,254,57.5,1,1.1,2.8,-0.1,19,168,22,7,192,MF,27-010,1997
114,Joris Chotard,fr FRA,Montpellier,28.7,961,1179,81.5,18558,6343,366,425,86.1,419,489,85.7,142,195,72.8,3,1.9,2.5,+1.1,14,111,15,5,111,MF,22-252,2001
115,Djaoui Cissé,fr FRA,Rennes,0.0,5,5,100.0,75,0,4,4,100.0,1,1,100.0,0,0,,0,0.0,0.0,0.0,0,0,0,0,0,MF,20-123,2004
116,Ibrahim Cissoko,nl NED,Toulouse,2.7,89,116,76.7,1398,357,50,57,87.7,27,39,69.2,7,10,70.0,1,0.4,0.7,+0.6,6,7,9,7,12,"FW,MF",21-068,2003
117,Alexis Claude-Maurice,fr FRA,Nice,5.6,202,253,79.8,2857,570,120,132,90.9,56,75,74.7,12,22,54.5,0,0.3,0.6,-0.3,7,15,6,3,21,MF,25-362,1998
118,Jonathan Clauss,fr FRA,Marseille,23.0,1153,1526,75.6,19885,6946,545,642,84.9,480,598,80.3,103,214,48.1,4,4.6,5.3,-0.6,46,99,50,18,137,DF,31-251,1992
119,Marcus Coco,fr FRA,Nantes,16.5,473,641,73.8,7533,2758,224,265,84.5,199,249,79.9,27,86,31.4,0,1.0,1.1,-1.0,12,40,18,8,55,"DF,FW",27-344,1996
120,Maxime Colin,fr FRA,Metz,20.4,660,925,71.4,11318,5363,307,381,80.6,285,372,76.6,52,122,42.6,0,0.4,0.6,-0.4,4,60,7,5,67,DF,32-200,1991
121,Eray Cömert,ch SUI,Nantes,22.2,941,1063,88.5,18882,6076,298,320,93.1,506,534,94.8,118,178,66.3,0,0.2,0.4,-0.2,4,57,4,2,57,DF,26-119,1998
122,Alois Confais,fr FRA,Le Havre,0.1,7,9,77.8,74,5,7,8,87.5,0,1,0.0,0,0,,0,0.0,0.0,0.0,0,0,0,0,0,"MF,FW",27-269,1996
123,Joaquín Correa,ar ARG,Marseille,4.8,131,167,78.4,2086,576,61,80,76.3,60,62,96.8,7,9,77.8,0,0.7,0.6,-0.7,5,10,11,0,25,"FW,MF",29-294,1994
124,Oscar Cortés,co COL,Lens,0.5,18,26,69.2,217,36,13,19,68.4,3,4,75.0,0,1,0.0,1,0.7,0.1,+0.3,1,1,1,1,2,"FW,MF",20-182,2003
125,David Pereira da Costa,pt POR,Lens,16.6,570,726,78.5,9004,2375,277,318,87.1,216,266,81.2,41,74,55.4,2,3.5,3.1,-1.5,26,51,26,7,73,MF,23-149,2001
126,Logan Costa,cv CPV,Toulouse,29.4,1491,1784,83.6,29121,12198,511,559,91.4,768,868,88.5,181,302,59.9,1,0.6,0.7,+0.4,6,129,6,2,145,DF,23-062,2001
127,Grégoire Coudert,fr FRA,Brest,2.0,55,80,68.8,1658,1275,7,7,100.0,28,28,100.0,20,45,44.4,0,0.0,0.0,0.0,0,2,0,0,0,GK,25-060,1999
128,Mamadou Coulibaly,fr FRA,Monaco,1.3,56,70,80.0,800,158,32,42,76.2,21,24,87.5,2,2,100.0,0,0.1,0.1,-0.1,1,6,1,0,5,MF,20-042,2004
129,Tanguy Coulibaly,fr FRA,Montpellier,6.9,137,172,79.7,1831,305,81,89,91.0,41,54,75.9,3,7,42.9,0,0.8,0.6,-0.8,9,6,4,0,13,"FW,MF",23-105,2001
130,Nicolas Cozza,fr FRA,Nantes,9.9,270,366,73.8,4703,1884,127,152,83.6,109,140,77.9,27,52,51.9,0,0.6,0.5,-0.6,3,27,5,1,20,DF,25-146,1999
131,Trévis Dago,ci CIV,Lille,0.3,2,4,50.0,31,19,1,3,33.3,1,1,100.0,0,0,,1,0.4,0.0,+0.6,1,0,1,1,0,"FW,MF",19-133,2005
132,Thijs Dallinga,nl NED,Toulouse,27.9,416,621,67.0,5875,1080,245,343,71.4,117,174,67.2,22,38,57.9,2,1.2,1.8,+0.8,17,19,15,2,38,FW,23-304,2000
133,Kevin Danso,at AUT,Lens,29.5,1508,1719,87.7,27659,10926,573,622,92.1,779,856,91.0,128,196,65.3,0,0.4,0.7,-0.4,8,122,6,0,133,DF,25-257,1998
134,Dante,br BRA,Nice,31.6,2540,2803,90.6,43573,17293,1157,1213,95.4,1141,1202,94.9,183,303,60.4,1,1.0,1.2,0.0,13,170,7,1,185,DF,40-228,1983
135,Raimane Daou,km COM,Marseille,0.3,11,13,84.6,120,30,11,11,100.0,0,2,0.0,0,0,,0,0.0,0.0,0.0,0,1,0,0,0,"DF,MF",19-195,2004
136,Mohammed Daramy,dk DEN,Reims,18.3,401,527,76.1,5848,1542,222,276,80.4,139,171,81.3,17,29,58.6,5,2.4,2.9,+2.6,23,22,30,3,69,"FW,MF",22-147,2002
137,Achraf Dari,ma MAR,Brest,1.3,73,85,85.9,1773,564,11,14,78.6,45,47,95.7,17,23,73.9,0,0.0,0.0,0.0,0,4,0,0,8,"DF,FW",25-027,1999
138,Jonathan David,ca CAN,Lille,29.2,537,655,82.0,7433,1592,306,359,85.2,186,219,84.9,12,15,80.0,4,3.3,2.3,+0.7,32,53,26,1,79,FW,24-140,2000
139,Thibault De Smet,be BEL,Reims,20.3,837,1046,80.0,13947,4928,395,448,88.2,364,427,85.2,62,126,49.2,0,0.8,0.6,-0.8,14,80,14,4,104,DF,25-363,1998
140,Romain Del Castillo,fr FRA,Brest,27.7,989,1469,67.3,16904,6014,486,603,80.6,327,474,69.0,126,258,48.8,8,9.9,9.1,-1.9,89,103,72,21,155,FW,28-065,1996
141,Thomas Delaine,fr FRA,Strasbourg,22.7,638,882,72.3,10860,3569,284,336,84.5,288,388,74.2,53,110,48.2,1,3.6,3.0,-2.6,26,30,23,12,52,"DF,MF",32-070,1992
142,Sacha Delaye,fr FRA,Montpellier,1.4,38,48,79.2,533,150,21,24,87.5,13,15,86.7,1,5,20.0,0,0.1,0.1,-0.1,2,3,1,1,4,"MF,FW",22-040,2002
143,Karamoko Dembele,sct SCO,Brest,0.2,8,10,80.0,171,24,3,3,100.0,4,4,100.0,1,3,33.3,0,0.0,0.0,0.0,0,0,0,0,1,"MF,FW",21-101,2003
144,Ousmane Dembélé,fr FRA,Paris S-G,16.7,792,1044,75.9,13339,3923,380,454,83.7,315,403,78.2,66,114,57.9,8,6.7,5.8,+1.3,59,84,52,8,133,"MF,FW",27-018,1997
145,Jessy Deminguet,fr FRA,Strasbourg,7.7,221,258,85.7,3891,1010,105,112,93.8,85,96,88.5,25,41,61.0,0,0.4,0.6,-0.4,2,31,3,0,24,"MF,FW",26-147,1998
146,Rémy Descamps,fr FRA,Nantes,6.0,128,212,60.4,4450,3581,26,26,100.0,35,35,100.0,67,150,44.7,0,0.0,0.0,0.0,0,5,0,0,0,GK,27-343,1996
147,Mikkel Desler,dk DEN,Toulouse,17.2,788,944,83.5,11478,3595,440,489,90.0,288,342,84.2,26,53,49.1,1,0.7,1.1,+0.3,8,49,5,2,81,DF,29-104,1995
148,Arthur Desmas,fr FRA,Le Havre,33.0,611,945,64.7,17763,13674,112,112,100.0,258,261,98.9,230,555,41.4,0,0.4,0.1,-0.4,1,15,1,0,0,GK,30-056,1994
149,Lamine Diack,sn SEN,Nantes,0.0,0,0,,0,0,0,0,,0,0,,0,0,,0,0.0,0.0,0.0,0,0,0,0,0,MF,23-200,2000
150,Mamadou Diakhon,fr FRA,Reims,2.3,38,48,79.2,646,131,13,16,81.3,19,25,76.0,3,4,75.0,0,0.2,0.4,-0.2,1,1,0,0,1,"FW,MF",18-254,2005
151,Bafodé Diakité,fr FRA,Lille,18.8,1206,1311,92.0,20793,7113,503,545,92.3,596,633,94.2,77,92,83.7,2,1.4,0.7,+0.6,13,91,1,0,95,DF,23-148,2001
152,Ibrahim Diakité,gn GUI,Reims,1.2,57,85,67.1,894,329,28,39,71.8,19,28,67.9,6,9,66.7,0,0.2,0.1,-0.2,2,6,2,1,7,DF,20-215,2003
153,Oumar Diakité,ci CIV,Reims,17.6,239,305,78.4,3219,504,132,161,82.0,89,107,83.2,2,6,33.3,1,1.3,1.3,-0.3,15,16,8,0,28,FW,20-165,2003
154,Habib Diarra,sn SEN,Strasbourg,25.6,735,874,84.1,14234,2751,275,326,84.4,350,394,88.8,100,129,77.5,1,1.3,1.8,-0.3,21,73,23,1,107,"MF,FW",20-151,2004
155,Moussa Diarra,ml MLI,Toulouse,15.5,550,680,80.9,9600,3899,223,266,83.8,282,326,86.5,34,57,59.6,2,1.1,0.9,+0.9,10,56,19,4,70,DF,23-205,2000
156,Krépin Diatta,sn SEN,Monaco,13.4,602,787,76.5,9825,3682,294,352,83.5,245,315,77.8,41,76,53.9,2,1.8,2.2,+0.2,23,46,22,5,80,"DF,FW",25-098,1999
157,Mory Diaw,sn SEN,Clermont Foot,30.0,848,1245,68.1,25299,18226,125,125,100.0,388,401,96.8,325,704,46.2,0,0.1,0.1,-0.1,2,35,1,0,1,GK,30-346,1993
158,Mahamadou Diawara,fr FRA,Lyon,4.0,125,147,85.0,1886,329,62,69,89.9,46,49,93.9,10,16,62.5,0,0.1,0.2,-0.1,3,8,2,0,20,MF,19-106,2005
159,Bamba Dieng,sn SEN,Lorient,6.1,90,117,76.9,1190,105,55,67,82.1,22,31,71.0,4,5,80.0,1,1.6,0.9,-0.6,8,3,2,0,4,FW,24-071,2000
160,Guillaume Dietsch,fr FRA,Metz,0.8,15,26,57.7,522,410,1,1,100.0,5,5,100.0,9,20,45.0,0,0.0,0.0,0.0,0,0,0,0,0,GK,23-046,2001
161,Sinaly Diomande,ci CIV,Lyon,9.9,521,570,91.4,9695,3841,175,184,95.1,288,302,95.4,46,64,71.9,0,0.7,0.4,-0.7,3,34,2,1,43,DF,23-054,2001
162,Edan Diop,fr FRA,Monaco,1.8,71,97,73.2,1270,460,29,36,80.6,30,40,75.0,8,13,61.5,0,0.0,0.0,0.0,0,9,1,0,7,"MF,DF",19-279,2004
163,Sofiane Diop,fr FRA,Nice,5.5,143,176,81.3,2076,491,76,88,86.4,52,62,83.9,5,9,55.6,0,0.8,0.9,-0.8,8,7,7,2,17,FW,23-359,2000
164,Andy Diouf,fr FRA,Lens,14.6,591,737,80.2,8535,2144,316,369,85.6,216,251,86.1,25,50,50.0,0,1.1,1.7,-1.1,21,46,14,0,80,MF,21-016,2003
165,Yehvann Diouf,fr FRA,Reims,34.0,1020,1301,78.4,25982,16947,191,194,98.5,529,543,97.4,296,549,53.9,0,0.0,0.0,0.0,0,9,0,0,3,GK,24-199,1999
166,Chaim El Djebali,tn TUN,Lyon,0.1,7,9,77.8,120,23,3,3,100.0,4,4,100.0,0,1,0.0,0,0.0,0.0,0.0,0,0,0,0,2,MF,20-116,2004
167,Jeremy Doku,be BEL,Rennes,1.2,43,49,87.8,623,133,25,29,86.2,15,16,93.8,2,2,100.0,0,0.2,0.6,-0.2,3,0,3,1,5,FW,22-006,2002
168,Gianluigi Donnarumma,it ITA,Paris S-G,24.1,686,773,88.7,14587,8096,177,178,99.4,399,406,98.3,107,185,57.8,0,0.0,0.0,0.0,0,2,0,0,0,GK,25-098,1999
169,Siriné Doucouré,ml MLI,Lorient,4.7,71,94,75.5,913,208,44,54,81.5,15,22,68.2,4,7,57.1,3,1.3,0.6,+1.7,10,4,1,0,5,FW,22-055,2002
170,Désiré Doué,fr FRA,Rennes,18.1,576,779,73.9,9991,3047,268,333,80.5,226,291,77.7,63,106,59.4,4,3.7,3.7,+0.3,31,64,45,8,121,"MF,FW",18-365,2005
171,Guela Doué,ci CIV,Rennes,13.7,502,669,75.0,9050,2831,202,240,84.2,229,297,77.1,55,100,55.0,2,1.1,1.4,+0.9,17,47,13,6,53,DF,21-229,2002
172,Douglas,br BRA,Nantes,19.7,904,1040,86.9,15549,4365,396,439,90.2,390,431,90.5,82,118,69.5,0,1.1,1.6,-1.1,17,85,11,1,105,MF,27-141,1997
173,Ismaël Doukouré,fr FRA,Strasbourg,18.4,660,771,85.6,12844,3733,237,276,85.9,341,367,92.9,75,108,69.4,0,0.2,0.4,-0.2,9,62,5,0,80,"MF,DF",20-314,2003
174,Kamory Doumbia,ml MLI,Brest,9.8,420,487,86.2,6341,1497,213,234,91.0,161,184,87.5,23,34,67.6,5,0.9,0.7,+4.1,12,42,6,0,48,MF,21-105,2003
175,Jean-Kevin Duverne,ht HAI,Nantes,15.0,597,743,80.3,10059,4272,273,302,90.4,263,315,83.5,47,94,50.0,0,0.2,0.3,-0.2,3,45,8,3,64,DF,26-326,1997
176,Aron Dønnum,no NOR,Toulouse,17.7,428,571,75.0,7389,2129,214,261,82.0,154,197,78.2,49,78,62.8,1,2.1,3.0,-1.1,24,36,23,2,66,"FW,MF",26-043,1998
177,Simon Ebonog,cm CMR,Le Havre,0.2,17,21,81.0,301,60,10,12,83.3,6,7,85.7,1,2,50.0,0,0.0,0.0,0.0,0,2,0,0,1,MF,19-291,2004
178,Hugo Ekitike,fr FRA,Paris S-G,0.1,7,8,87.5,60,17,5,5,100.0,0,0,,0,0,,0,0.0,0.0,0.0,1,0,1,0,1,FW,21-348,2002
179,Simon Elisor,fr FRA,Metz,8.5,111,157,70.7,1583,387,56,79,70.9,45,61,73.8,3,4,75.0,0,0.9,0.4,-0.9,10,11,2,0,14,FW,24-316,1999
180,Breel Embolo,ch SUI,Monaco,2.0,37,46,80.4,591,152,18,21,85.7,13,17,76.5,4,4,100.0,0,0.1,0.2,-0.1,3,4,2,0,7,FW,27-109,1997
181,Emanuel Emegha,nl NED,Strasbourg,23.1,215,294,73.1,2721,378,124,168,73.8,69,90,76.7,1,5,20.0,1,0.4,0.4,+0.6,9,11,2,0,11,FW,21-120,2003
182,Maxime Estève,fr FRA,Montpellier,11.1,289,369,78.3,5200,1826,110,130,84.6,142,171,83.0,28,55,50.9,1,0.3,0.6,+0.7,5,16,0,0,23,DF,22-007,2002
183,Oscar Estupiñan,co COL,Metz,2.9,41,61,67.2,627,74,24,31,77.4,11,18,61.1,3,5,60.0,0,0.0,0.1,0.0,1,2,1,0,2,FW,27-156,1996
184,Romain Faivre,fr FRA,Lorient,16.1,495,601,82.4,7200,2420,272,308,88.3,167,199,83.9,24,50,48.0,1,1.7,2.0,-0.7,16,53,25,2,102,"MF,FW",25-324,1998
185,Ilhan Fakili,fr FRA,Clermont Foot,1.0,18,23,78.3,287,90,5,7,71.4,7,9,77.8,2,3,66.7,0,0.0,0.0,0.0,1,4,0,0,4,"MF,FW",18-134,2006
186,Khalil Fayad,fr FRA,Montpellier,11.4,276,345,80.0,4324,1087,142,161,88.2,98,124,79.0,21,40,52.5,0,0.5,0.5,-0.5,8,31,4,1,35,"FW,MF",19-359,2004
187,Ichem Ferrah,fr FRA,Lille,0.0,1,1,100.0,8,6,1,1,100.0,0,0,,0,0,,0,0.0,0.0,0.0,0,0,0,0,0,FW,18-253,2005
188,Jordan Ferri,fr FRA,Montpellier,22.6,1101,1331,82.7,19799,6455,436,500,87.2,492,556,88.5,126,202,62.4,1,1.9,2.1,-0.9,28,118,26,10,173,MF,32-082,1992
189,Malick Fofana,be BEL,Lyon,6.2,143,180,79.4,2092,314,75,87,86.2,54,66,81.8,6,13,46.2,0,0.5,0.5,-0.5,6,4,6,1,10,FW,19-063,2005
190,Youssouf Fofana,fr FRA,Monaco,30.0,1453,1789,81.2,23800,9039,690,796,86.7,601,706,85.1,106,180,58.9,4,3.4,4.7,+0.6,40,194,43,2,249,MF,25-144,1999
191,Thomas Foket,be BEL,Reims,20.4,862,1069,80.6,14686,4219,408,463,88.1,369,435,84.8,70,115,60.9,1,0.9,1.4,+0.1,11,52,10,7,65,DF,29-251,1994
192,Tiago Fonseca Morais,pt POR,Lille,0.5,11,15,73.3,162,62,8,10,80.0,2,3,66.7,1,2,50.0,0,0.0,0.0,0.0,0,1,1,0,3,FW,20-273,2003
193,Przemysław Frankowski,pl POL,Lens,24.4,1008,1320,76.4,16279,5614,503,580,86.7,406,525,77.3,70,137,51.1,2,3.8,5.0,-1.8,39,75,43,15,112,DF,29-051,1995
194,Jean Frederic N'Guessan,ci CIV,Metz,1.2,37,46,80.4,682,151,14,19,73.7,19,22,86.4,3,3,100.0,0,0.0,0.0,0.0,0,3,0,0,5,"MF,FW",21-046,2003
195,Angelo Fulgini,fr FRA,Lens,15.3,569,789,72.1,9396,2835,278,335,83.0,189,248,76.2,67,133,50.4,2,3.2,4.0,-1.2,38,46,20,6,74,MF,27-287,1996
196,Kévin Gameiro,fr FRA,Strasbourg,15.0,373,461,80.9,5374,1194,214,247,86.6,112,141,79.4,25,31,80.6,2,2.7,3.0,-0.7,24,28,10,1,44,"FW,MF",37-024,1987
197,Ignatius Ganago,cm CMR,Nantes,2.0,31,53,58.5,475,169,17,23,73.9,11,20,55.0,2,2,100.0,0,0.6,0.5,-0.6,4,1,3,1,5,"FW,MF",25-107,1999
198,Ulisses Garcia,ch SUI,Marseille,10.1,449,570,78.8,7183,1975,224,249,90.0,186,233,79.8,27,54,50.0,0,0.9,1.1,-0.9,8,30,7,5,52,DF,28-143,1996
199,Johan Gastien,fr FRA,Clermont Foot,25.1,1408,1706,82.5,26816,8592,537,607,88.5,645,734,87.9,191,302,63.2,0,2.4,2.7,-2.4,32,156,29,2,168,MF,36-129,1988
200,Yann Gboho,fr FRA,Toulouse,13.3,211,285,74.0,2980,816,124,152,81.6,69,86,80.2,6,10,60.0,2,1.7,1.7,+0.3,18,24,18,1,48,"MF,FW",23-140,2001
201,Gelabert,es ESP,Toulouse,8.4,275,356,77.2,4479,1182,143,181,79.0,101,120,84.2,21,32,65.6,2,1.3,1.0,+0.7,15,21,6,1,33,"MF,FW",23-215,2000
202,Denis Genreau,au AUS,Toulouse,5.2,148,205,72.2,2232,715,87,111,78.4,47,60,78.3,9,13,69.2,0,0.4,0.4,-0.4,6,16,3,1,14,"MF,FW",25-012,1999
203,Samuel Gigot,fr FRA,Marseille,19.2,846,964,87.8,14337,4728,350,384,91.1,436,480,90.8,36,64,56.3,0,0.9,0.5,-0.9,7,31,3,2,54,DF,30-234,1993
204,Aleksandr Golovin,ru RUS,Monaco,23.9,935,1236,75.6,16293,5324,440,521,84.5,325,413,78.7,124,211,58.8,6,4.7,6.4,+1.3,50,99,62,5,172,"MF,FW",28-003,1996
205,Angel Gomes,eng ENG,Lille,28.6,1566,1751,89.4,27874,7062,727,779,93.3,632,680,92.9,170,220,77.3,8,6.2,6.0,+1.8,48,164,45,1,204,MF,23-276,2000
206,Maxime Gonalons,fr FRA,Clermont Foot,14.4,666,772,86.3,12023,3551,277,315,87.9,286,309,92.6,75,108,69.4,0,0.2,0.4,-0.2,7,67,4,0,81,MF,35-084,1989
207,Mathieu Gorgelin,fr FRA,Le Havre,1.0,12,19,63.2,298,208,4,4,100.0,5,5,100.0,3,10,30.0,0,0.0,0.0,0.0,0,1,0,0,0,GK,33-302,1990
208,Amine Gouiri,dz ALG,Rennes,23.0,625,764,81.8,8942,2136,344,408,84.3,223,257,86.8,21,28,75.0,3,1.7,2.4,+1.3,21,42,32,0,82,"FW,MF",24-107,2000
209,Jonathan Gradit,fr FRA,Lens,23.5,1181,1383,85.4,21422,9125,457,507,90.1,598,664,90.1,100,167,59.9,0,0.1,0.8,-0.1,5,167,10,3,177,DF,31-191,1992
210,Samuel Grandsir,fr FRA,Le Havre,6.7,209,292,71.6,3118,845,109,130,83.8,72,99,72.7,13,26,50.0,1,1.2,1.4,-0.2,14,14,16,4,35,"MF,FW",27-293,1996
211,Adrian Grbić,at AUT,Lorient,0.3,7,13,53.8,85,6,6,8,75.0,1,2,50.0,0,2,0.0,0,0.0,0.0,0.0,0,0,0,0,0,FW,27-303,1996
212,Gabriel Gudmundsson,se SWE,Lille,14.1,437,560,78.0,6983,1602,209,249,83.9,187,233,80.3,26,41,63.4,0,1.2,1.6,-1.2,13,20,10,5,37,"DF,FW",25-034,1999
213,Axel Gueguin,fr FRA,Montpellier,1.5,28,43,65.1,389,200,17,21,81.0,8,13,61.5,1,4,25.0,0,0.1,0.1,-0.1,1,1,1,0,3,"DF,FW",19-070,2005
214,Mattéo Guendouzi,fr FRA,Marseille,0.2,9,12,75.0,127,53,5,5,100.0,4,4,100.0,0,2,0.0,0,0.0,0.0,0.0,0,2,0,0,1,MF,25-049,1999
215,Evann Guessand,fr FRA,Nice,17.3,218,294,74.1,2999,623,128,158,81.0,68,95,71.6,8,11,72.7,0,1.4,1.0,-1.4,15,15,12,0,34,FW,22-337,2001
216,Pape Gueye,sn SEN,Marseille,8.5,396,487,81.3,7394,2225,140,163,85.9,200,222,90.1,44,77,57.1,0,0.8,0.5,-0.8,4,52,6,0,61,"MF,DF",25-130,1999
217,Morgan Guilavogui,gn GUI,Lens,6.3,166,222,74.8,2570,791,80,104,76.9,63,79,79.7,11,13,84.6,0,1.2,1.0,-1.2,14,18,12,0,36,"FW,MF",26-084,1998
218,Frederic Guilbert,fr FRA,Strasbourg,27.7,1108,1467,75.5,20135,6597,450,520,86.5,522,650,80.3,112,244,45.9,0,1.6,1.4,-1.6,23,87,17,11,116,"DF,MF",29-161,1994
219,Jaouen Hadjam,dz ALG,Nantes,1.2,80,103,77.7,1332,517,37,43,86.0,36,44,81.8,5,12,41.7,0,0.4,0.2,-0.4,4,6,6,3,10,DF,21-068,2003
220,Massadio Haïdara,ml MLI,Lens,8.2,358,431,83.1,5791,2060,169,194,87.1,149,169,88.2,24,42,57.1,1,0.2,0.4,+0.8,1,19,8,4,40,DF,31-183,1992
221,Oualid El Hajjam,ma MAR,Le Havre,4.4,176,234,75.2,2859,1034,97,111,87.4,56,70,80.0,17,38,44.7,0,0.9,0.3,-0.9,7,12,4,2,16,"DF,MF",33-104,1991
222,Achraf Hakimi,ma MAR,Paris S-G,21.5,1712,1979,86.5,25356,8074,948,1030,92.0,613,696,88.1,77,125,61.6,5,5.2,4.2,-0.2,43,153,45,13,218,DF,25-211,1998
223,Amine Harit,ma MAR,Marseille,20.2,815,966,84.4,12457,3325,404,449,90.0,311,351,88.6,49,88,55.7,2,3.7,3.6,-1.7,39,86,33,5,127,"MF,FW",26-350,1997
224,Silvan Hefti,ch SUI,Montpellier,7.9,238,328,72.6,3494,1326,132,158,83.5,81,115,70.4,10,27,37.0,1,1.0,1.1,0.0,3,12,7,3,25,"DF,FW",26-221,1997
225,Henrique,br BRA,Lyon,6.7,351,400,87.8,4829,1386,209,221,94.6,113,129,87.6,13,25,52.0,0,0.4,0.6,-0.4,5,28,5,4,36,DF,30-038,1994
226,Luis Henrique,br BRA,Marseille,8.7,300,387,77.5,5161,1430,145,172,84.3,121,152,79.6,27,45,60.0,0,0.7,0.9,-0.7,10,25,14,5,40,"FW,DF",22-171,2001
227,Christophe Hérelle,mq MTQ,Metz,18.0,543,609,89.2,12018,3571,110,120,91.7,326,341,95.6,101,137,73.7,0,0.0,0.1,0.0,1,29,5,1,41,DF,31-285,1992
228,Lucas Hernández,fr FRA,Paris S-G,21.2,1670,1859,89.8,28845,9121,696,744,93.5,822,886,92.8,117,173,67.6,1,1.6,1.4,-0.6,12,166,9,1,156,DF,28-109,1996
229,Andrej Ilic,rs SRB,Lille,0.1,1,1,100.0,12,0,1,1,100.0,0,0,,0,0,,0,0.0,0.0,0.0,0,0,0,0,0,FW,24-060,2000
230,Bonke Innocent,ng NGA,Lorient,2.3,91,96,94.8,1467,387,44,46,95.7,40,42,95.2,4,4,100.0,0,0.1,0.1,-0.1,2,12,0,0,13,MF,28-134,1996
231,Ismaily,br BRA,Lille,27.4,1262,1505,83.9,18690,6452,714,810,88.1,470,540,87.0,43,83,51.8,1,1.2,1.5,-0.2,10,90,23,7,114,DF,34-143,1990
232,Yanis Issoufou,fr FRA,Montpellier,0.1,2,2,100.0,71,7,1,1,100.0,0,0,,1,1,100.0,0,0.0,0.0,0.0,0,0,0,0,1,MF,17-218,2006
233,Junya Ito,jp JPN,Reims,30.2,741,1131,65.5,12890,5184,371,476,77.9,257,362,71.0,88,204,43.1,7,11.5,9.9,-4.5,80,82,58,26,139,"FW,MF",31-085,1993
234,Jérémy Jacquet,fr FRA,Rennes,0.1,5,6,83.3,87,36,1,2,50.0,2,2,100.0,1,1,100.0,0,0.0,0.0,0.0,0,0,0,0,0,MF,18-325,2005
235,Jérémy Jacquet,fr FRA,Clermont Foot,2.8,94,123,76.4,1555,644,40,53,75.5,45,52,86.5,4,8,50.0,1,0.3,0.5,+0.7,2,8,2,1,15,DF,18-325,2005
236,Ismail Jakobs,sn SEN,Monaco,16.3,626,874,71.6,9832,3149,317,380,83.4,256,347,73.8,35,100,35.0,2,1.8,2.0,+0.2,17,44,20,10,56,DF,24-290,1999
237,Ablie Jallow,gm GAM,Metz,10.2,248,318,78.0,4487,1116,112,138,81.2,97,120,80.8,30,46,65.2,2,1.0,0.7,+1.0,12,22,10,0,42,"MF,FW",25-201,1998
238,Danley Jean-Jacques,ht HAI,Metz,29.8,572,743,77.0,10280,2937,250,307,81.4,235,277,84.8,71,120,59.2,0,0.6,0.6,-0.6,10,62,6,1,84,MF,24-013,2000
239,Jeffinho,br BRA,Lyon,3.4,95,129,73.6,1363,273,63,79,79.7,22,31,71.0,7,8,87.5,1,0.6,0.4,+0.4,6,9,6,0,14,"FW,MF",24-155,1999
240,Antoine Joujou,fr FRA,Le Havre,8.7,184,260,70.8,2751,659,106,137,77.4,68,87,78.2,6,11,54.5,2,0.6,0.9,+1.4,9,10,11,2,22,"FW,MF",21-082,2003
241,Christopher Jullien,fr FRA,Montpellier,13.7,441,512,86.1,8894,2972,114,135,84.4,256,278,92.1,56,81,69.1,0,0.1,0.1,-0.1,2,16,1,1,26,DF,31-072,1993
242,Eli Junior Kroupi,fr FRA,Lorient,12.0,216,279,77.4,3455,537,108,132,81.8,76,95,80.0,18,26,69.2,3,1.8,1.1,+1.2,11,10,7,2,12,"FW,MF",17-345,2006
243,Abdoul Kader Bamba,fr FRA,Nantes,6.8,267,336,79.5,4343,1133,127,151,84.1,103,128,80.5,22,36,61.1,1,1.0,1.1,0.0,11,18,10,2,31,"FW,MF",30-008,1994
244,Yaya Kader Fofana,ml MLI,Reims,0.4,12,21,57.1,143,59,8,13,61.5,2,3,66.7,0,3,0.0,0,0.0,0.0,0.0,0,0,0,0,3,"MF,DF",19-356,2004
245,Tino Kadewere,zw ZIM,Lyon,3.3,89,111,80.2,1209,352,53,66,80.3,28,32,87.5,3,5,60.0,0,0.3,0.2,-0.3,6,5,3,1,12,"FW,MF",28-149,1996
246,Tino Kadewere,zw ZIM,Nantes,8.7,154,213,72.3,2092,639,83,102,81.4,54,73,74.0,5,15,33.3,0,1.8,0.9,-1.8,12,13,9,1,26,"FW,MF",28-149,1996
247,Arnaud Kalimuendo,fr FRA,Rennes,23.8,405,502,80.7,5966,893,222,265,83.8,137,155,88.4,24,26,92.3,1,2.7,2.3,-1.7,28,31,12,1,37,FW,22-134,2002
248,Gedeon Kalulu,cd COD,Lorient,10.8,433,528,82.0,6775,2140,227,264,86.0,154,179,86.0,31,47,66.0,1,1.1,1.1,-0.1,8,29,11,6,35,DF,26-278,1997
249,Waren Kamanzi,no NOR,Toulouse,13.2,502,604,83.1,7724,2412,275,315,87.3,199,238,83.6,20,31,64.5,3,2.5,2.3,+0.5,12,38,10,1,56,"DF,FW",23-204,2000
250,Lee Kang-in,kr KOR,Paris S-G,16.3,835,1011,82.6,12568,3151,462,507,91.1,284,339,83.8,54,110,49.1,4,2.3,4.2,+1.7,27,58,31,8,103,"FW,MF",23-104,2001
251,Yann Karamoh,fr FRA,Montpellier,3.2,63,88,71.6,887,140,35,46,76.1,18,24,75.0,4,7,57.1,0,0.2,0.2,-0.2,5,3,3,1,3,"FW,MF",25-330,1998
252,Ayman Kari,fr FRA,Lorient,9.9,338,386,87.6,4814,925,181,204,88.7,118,131,90.1,13,19,68.4,1,0.8,1.0,+0.2,13,25,12,0,37,MF,19-196,2004
253,Panos Katseris,gr GRE,Lorient,11.6,275,393,70.0,4101,1231,153,195,78.5,99,137,72.3,14,31,45.2,1,0.8,0.5,+0.2,9,13,4,2,21,DF,22-333,2001
254,Kévin Keben Biakolo,cm CMR,Toulouse,5.8,209,260,80.4,3723,1447,91,104,87.5,102,117,87.2,15,32,46.9,0,0.1,0.1,-0.1,3,13,0,0,13,DF,20-128,2004
255,Yassine Kechta,ma MAR,Le Havre,20.5,778,960,81.0,13063,3630,347,393,88.3,333,387,86.0,63,116,54.3,1,2.2,1.4,-1.2,27,87,11,0,122,MF,22-098,2002
256,Thilo Kehrer,de GER,Monaco,14.7,859,966,88.9,16369,6851,292,325,89.8,463,496,93.3,88,118,74.6,1,1.1,0.3,-0.1,5,88,2,0,90,DF,27-255,1996
257,Habib Keita,ml MLI,Clermont Foot,14.2,591,675,87.6,11080,2447,253,287,88.2,253,278,91.0,74,89,83.1,0,0.6,0.6,-0.6,10,45,7,0,53,MF,22-118,2002
258,Reda Khadra,de GER,Reims,15.2,289,389,74.3,4676,1169,131,162,80.9,118,149,79.2,21,41,51.2,3,3.5,2.4,-0.5,22,21,19,9,40,"FW,MF",22-334,2001
259,Wahbi Khazri,tn TUN,Montpellier,12.6,227,318,71.4,3892,1215,108,141,76.6,71,98,72.4,28,47,59.6,0,1.2,0.8,-1.2,10,21,5,2,33,FW,33-115,1991
260,Philipp Köhn,ch SUI,Monaco,22.0,479,667,71.8,13030,9307,81,81,100.0,238,240,99.2,159,344,46.2,0,0.0,0.0,0.0,0,4,0,0,0,GK,26-061,1998
261,Randal Kolo Muani,fr FRA,Paris S-G,14.1,259,359,72.1,3749,980,157,204,77.0,77,101,76.2,12,21,57.1,5,3.3,1.6,+1.7,26,23,14,3,42,"FW,MF",25-180,1998
262,Cheick Konaté,ml MLI,Clermont Foot,11.9,319,484,65.9,5214,1779,162,210,77.1,125,175,71.4,24,70,34.3,1,1.6,1.3,-0.6,16,27,13,6,37,DF,20-061,2004
263,Geoffrey Kondogbia,cf CTA,Marseille,16.3,832,952,87.4,14691,4488,359,389,92.3,379,413,91.8,72,108,66.7,0,0.5,1.0,-0.5,11,105,11,1,93,MF,31-108,1993
264,Abdoul Koné,fr FRA,Reims,2.1,53,85,62.4,1041,401,19,24,79.2,26,42,61.9,8,17,47.1,0,0.7,0.0,-0.7,2,6,1,0,5,DF,19-041,2005
265,Amadou Koné,ml MLI,Reims,5.3,204,256,79.7,3787,1027,72,95,75.8,99,113,87.6,23,28,82.1,0,0.2,0.1,-0.2,3,19,1,0,28,MF,19-019,2005
266,Ibrahima Koné,ml MLI,Lorient,0.4,2,3,66.7,16,7,2,3,66.7,0,0,,0,0,,0,0.0,0.0,0.0,0,1,0,0,0,FW,24-352,1999
267,Koffi Kouao,ci CIV,Metz,9.6,317,401,79.1,5434,2296,155,176,88.1,129,157,82.2,28,56,50.0,2,1.5,0.7,+0.5,6,23,7,4,29,DF,26-013,1998
268,Therence Koudou,fr FRA,Reims,3.5,142,173,82.1,2412,704,62,69,89.9,66,73,90.4,10,21,47.6,0,0.3,0.3,-0.3,5,8,3,2,14,DF,19-172,2004
269,Boubakar Kouyaté,ml MLI,Montpellier,21.4,719,873,82.4,14305,5064,217,251,86.5,387,436,88.8,99,155,63.9,2,1.3,0.4,+0.7,5,49,1,0,58,DF,27-048,1997
270,Sael Kumbedi,fr FRA,Lyon,10.3,470,592,79.4,7036,1816,266,306,86.9,180,224,80.4,14,40,35.0,1,0.7,0.6,+0.3,5,30,11,4,42,DF,19-068,2005
271,Layvin Kurzawa,fr FRA,Paris S-G,0.1,13,13,100.0,206,38,7,7,100.0,4,4,100.0,1,1,100.0,0,0.0,0.0,0.0,0,0,0,0,0,DF,31-272,1992
272,Daler Kuzyaev,ru RUS,Le Havre,23.2,824,1050,78.5,12347,3407,422,511,82.6,305,360,84.7,42,77,54.5,2,1.3,1.3,+0.7,29,87,21,1,119,MF,31-139,1993
273,Grejohn Kyei,fr FRA,Clermont Foot,11.4,198,265,74.7,2891,584,98,122,80.3,47,65,72.3,22,27,81.5,1,1.2,1.1,-0.2,12,19,12,1,30,FW,28-295,1995
274,Gaëtan Laborde,fr FRA,Nice,21.2,366,558,65.6,5696,1386,188,253,74.3,132,194,68.0,24,66,36.4,2,1.8,2.2,+0.2,27,25,26,12,46,"FW,MF",30-030,1994
275,Alexandre Lacazette,fr FRA,Lyon,25.5,397,561,70.8,5653,1574,211,283,74.6,113,156,72.4,29,46,63.0,2,1.9,2.1,+0.1,21,38,17,2,61,FW,33-005,1991
276,Alban Lafont,fr FRA,Nantes,27.7,720,1006,71.6,19485,13677,143,144,99.3,359,364,98.6,214,493,43.4,0,0.0,0.0,0.0,0,14,0,0,3,GK,25-131,1999
277,Kenny Lala,mg MAD,Brest,33.0,1713,2195,78.0,35548,12428,600,693,86.6,773,938,82.4,321,488,65.8,3,3.3,4.3,-0.3,35,164,45,19,200,DF,32-243,1991
278,Mathis Lambourde,fr FRA,Rennes,0.1,4,5,80.0,45,13,3,4,75.0,1,1,100.0,0,0,,0,0.0,0.0,0.0,0,0,0,0,0,FW,18-145,2006
279,Mohamed Lamine Bayo,gn GUI,Le Havre,15.4,201,310,64.8,2723,559,115,163,70.6,62,94,66.0,6,13,46.2,1,0.6,0.6,+0.4,13,17,11,1,20,FW,25-364,1998
280,Didier Lamkel Zé,cm CMR,Metz,6.1,137,190,72.1,2652,608,54,67,80.6,61,81,75.3,17,28,60.7,0,0.9,0.2,-0.9,6,14,3,0,19,"FW,MF",27-259,1996
281,Julien Laporte,fr FRA,Lorient,20.2,883,1023,86.3,18688,7085,251,271,92.6,482,515,93.6,140,219,63.9,0,0.0,0.3,0.0,1,66,7,1,56,DF,30-211,1993
282,Théo Le Bris,fr FRA,Lorient,16.8,531,680,78.1,7815,2186,305,360,84.7,195,243,80.2,16,34,47.1,2,1.6,1.1,+0.4,13,21,18,2,58,"DF,MF",21-245,2002
283,Julien Le Cardinal,fr FRA,Brest,5.3,212,258,82.2,4339,1880,68,80,85.0,92,107,86.0,44,58,75.9,0,0.1,0.1,-0.1,2,18,0,0,24,DF,26-304,1997
284,Julien Le Cardinal,fr FRA,Lens,0.6,23,32,71.9,435,201,6,8,75.0,12,15,80.0,4,7,57.1,0,0.0,0.0,0.0,0,2,0,0,4,DF,26-304,1997
285,Jérémy Le Douaron,fr FRA,Brest,18.0,252,387,65.1,3702,739,145,196,74.0,73,105,69.5,18,37,48.6,0,1.0,1.5,-1.0,10,11,8,5,21,FW,26-042,1998
286,Enzo Le Fée,fr FRA,Rennes,17.0,897,1043,86.0,14631,4647,440,494,89.1,344,389,88.4,72,101,71.3,1,1.8,2.5,-0.8,28,112,26,2,124,MF,24-120,2000
287,Vincent Le Goff,fr FRA,Lorient,6.0,252,322,78.3,3932,1509,135,152,88.8,92,118,78.0,18,37,48.6,1,0.9,0.9,+0.1,9,17,4,0,22,"DF,MF",34-231,1989
288,Adrien Lebeau,fr FRA,Brest,0.6,19,29,65.5,284,93,10,13,76.9,7,8,87.5,1,4,25.0,1,0.5,0.3,+0.5,4,2,0,0,0,"MF,FW",24-330,1999
289,Jean-Louis Leca,fr FRA,Lens,1.0,16,26,61.5,315,199,4,5,80.0,10,10,100.0,2,11,18.2,0,0.0,0.0,0.0,0,0,0,0,0,GK,38-255,1985
290,Benjamin Lecomte,fr FRA,Montpellier,30.0,670,1006,66.6,19197,14917,102,104,98.1,303,312,97.1,260,580,44.8,1,0.5,0.1,+0.5,2,10,0,0,0,GK,33-037,1991
291,Pierre Lees-Melou,fr FRA,Brest,28.0,1425,1673,85.2,28610,9103,519,584,88.9,619,692,89.5,246,327,75.2,0,2.4,3.0,-2.4,27,152,22,3,193,MF,31-008,1993
292,Johann Lepenant,fr FRA,Lyon,2.8,165,186,88.7,2972,734,69,75,92.0,75,84,89.3,15,18,83.3,0,0.1,0.1,-0.1,3,22,0,0,24,MF,21-224,2002
293,Léo Leroy,fr FRA,Montpellier,5.5,132,184,71.7,2315,933,60,79,75.9,52,66,78.8,16,25,64.0,1,0.7,0.1,+0.3,4,12,2,0,21,MF,24-109,2000
294,Gautier Lloris,fr FRA,Le Havre,30.9,1194,1398,85.4,21169,7934,461,517,89.2,623,676,92.2,80,161,49.7,0,0.2,0.4,-0.2,3,80,3,0,105,DF,28-320,1995
295,Abou Lô,sn SEN,Metz,2.2,65,74,87.8,1319,446,20,21,95.2,39,42,92.9,6,9,66.7,0,0.3,0.0,-0.3,2,6,1,0,4,"MF,DF",24-152,2000
296,Bradley Locko,fr FRA,Brest,32.9,1544,1852,83.4,25861,8098,760,863,88.1,607,701,86.6,127,205,62.0,3,1.6,1.9,+1.4,24,109,37,26,129,DF,22-027,2002
297,Renan Lodi,br BRA,Marseille,13.7,579,748,77.4,9900,2568,252,283,89.0,264,325,81.2,47,95,49.5,0,1.3,1.3,-1.3,14,37,11,7,51,DF,26-055,1998
298,Andy Logbo,fr FRA,Le Havre,2.8,31,40,77.5,349,37,18,23,78.3,7,10,70.0,1,2,50.0,0,0.1,0.2,-0.1,3,2,0,0,2,FW,20-027,2004
299,Anthony Lopes,pt POR,Lyon,31.0,773,1035,74.7,20175,14006,146,146,100.0,392,398,98.5,231,487,47.4,0,0.3,0.2,-0.3,1,9,1,0,1,GK,33-245,1990
300,Pau López,es ESP,Marseille,32.7,924,1195,77.3,21981,14438,212,213,99.5,499,506,98.6,202,462,43.7,0,0.5,0.1,-0.5,2,19,2,0,0,GK,29-172,1994
301,Jordan Lotomba,ch SUI,Nice,20.0,834,994,83.9,11866,3883,473,541,87.4,297,345,86.1,21,43,48.8,0,1.1,1.3,-1.1,12,36,14,5,52,DF,25-247,1998
302,Tom Louchet,fr FRA,Nice,4.5,195,257,75.9,2973,772,102,119,85.7,72,87,82.8,13,33,39.4,1,0.7,0.7,+0.3,7,9,5,2,18,"MF,DF",21-029,2003
303,Imran Louza,ma MAR,Lorient,9.6,465,583,79.8,8875,3020,177,202,87.6,217,252,86.1,62,107,57.9,3,2.5,2.4,+0.5,25,65,15,1,83,MF,25-032,1999
304,Dejan Lovren,hr CRO,Lyon,8.0,371,440,84.3,7463,2174,104,127,81.9,215,232,92.7,42,66,63.6,0,0.0,0.1,0.0,1,24,0,0,20,DF,34-333,1989
305,Joshua M'Bahia,ci CIV,Clermont Foot,0.2,12,15,80.0,165,39,5,6,83.3,6,8,75.0,0,0,,0,0.0,0.0,0.0,1,0,0,0,1,MF,19-044,2005
306,Othmane Maamma,fr FRA,Montpellier,1.0,25,32,78.1,394,47,16,18,88.9,8,11,72.7,1,2,50.0,0,0.5,0.1,-0.5,3,1,1,0,2,FW,18-240,2005
307,Deiver Machado,co COL,Lens,12.5,383,488,78.5,5645,1674,218,247,88.3,138,170,81.2,13,37,35.1,0,1.3,1.1,-1.3,13,27,11,5,26,DF,30-274,1993
308,Soungoutou Magassa,fr FRA,Monaco,15.0,871,998,87.3,16582,5928,300,331,90.6,470,511,92.0,87,129,67.4,0,0.1,0.5,-0.1,2,86,2,1,92,"DF,MF",20-238,2003
309,Hugo Magnetti,fr FRA,Brest,26.0,1008,1143,88.2,16762,3382,435,491,88.6,464,499,93.0,64,87,73.6,0,1.8,2.5,-1.8,24,92,13,7,101,MF,26-003,1998
310,Yohann Magnin,fr FRA,Clermont Foot,18.7,698,836,83.5,12081,2932,313,368,85.1,290,333,87.1,72,95,75.8,0,0.7,1.1,-0.7,9,59,7,4,71,MF,26-347,1997
311,Frank Magri,cm CMR,Toulouse,16.0,231,333,69.4,3287,906,126,164,76.8,86,124,69.4,4,12,33.3,2,1.6,1.1,+0.4,14,21,13,4,34,"FW,MF",24-272,1999
312,Adel Mahamoud,km COM,Nantes,0.1,2,4,50.0,32,18,0,2,0.0,2,2,100.0,0,0,,0,0.0,0.0,0.0,0,1,0,0,2,FW,21-119,2003
313,Habib Maïga,ci CIV,Metz,1.6,47,63,74.6,726,215,18,22,81.8,22,29,75.9,3,6,50.0,0,0.0,0.0,0.0,0,3,0,0,3,"MF,FW",28-153,1996
314,Ainsley Maitland-Niles,eng ENG,Lyon,15.9,663,796,83.3,10343,3289,350,387,90.4,241,285,84.6,44,71,62.0,4,2.1,1.5,+1.9,18,45,17,3,76,"DF,MF",26-278,1997
315,Radosław Majecki,pl POL,Monaco,12.0,277,376,73.7,6996,5167,55,55,100.0,148,150,98.7,73,170,42.9,0,0.0,0.0,0.0,0,1,0,0,1,GK,24-199,1999
316,Lovro Majer,hr CRO,Rennes,0.2,14,16,87.5,277,96,7,8,87.5,5,6,83.3,2,2,100.0,0,0.3,0.1,-0.3,2,1,0,0,0,MF,26-137,1998
317,Jean-Victor Makengo,fr FRA,Lorient,5.3,244,277,88.1,3368,718,135,147,91.8,90,97,92.8,3,11,27.3,0,0.0,0.2,0.0,0,16,5,1,28,"MF,FW",25-356,1998
318,Aaron Malouda,fr FRA,Lille,0.0,0,0,,0,0,0,0,,0,0,,0,0,,0,0.0,0.0,0.0,0,0,0,0,0,FW,18-185,2005
319,Hianga Mananga Mbock,fr FRA,Brest,0.1,6,7,85.7,108,29,2,2,100.0,4,5,80.0,0,0,,0,0.2,0.1,-0.2,1,0,1,0,2,"MF,FW",24-157,1999
320,Steve Mandanda,fr FRA,Rennes,34.0,885,1209,73.2,23102,15904,162,163,99.4,480,488,98.4,241,556,43.3,0,0.0,0.0,0.0,0,8,0,0,2,GK,39-066,1985
321,Orel Mangala,be BEL,Lyon,4.4,154,182,84.6,2433,634,66,77,85.7,66,72,91.7,11,17,64.7,0,0.7,0.6,-0.7,7,17,2,0,26,MF,26-076,1998
322,Vito Mannone,it ITA,Lille,1.0,27,38,71.1,772,553,5,5,100.0,13,13,100.0,9,20,45.0,0,0.0,0.0,0.0,0,2,0,0,0,GK,36-092,1988
323,Faitout Maouassa,fr FRA,Lens,0.8,20,29,69.0,313,129,12,17,70.6,6,7,85.7,1,3,33.3,0,0.1,0.1,-0.1,2,0,1,1,0,"MF,DF",25-332,1998
324,Guillermo Maripán,cl CHI,Monaco,19.6,934,1054,88.6,18953,6908,232,262,88.5,582,622,93.6,105,143,73.4,0,0.5,0.2,-0.5,4,51,1,0,59,DF,30-027,1994
325,Marquinhos,br BRA,Nantes,1.7,50,67,74.6,768,223,30,37,81.1,18,21,85.7,2,6,33.3,0,0.7,0.7,-0.7,5,2,4,2,4,"FW,MF",21-056,2003
326,Marquinhos,br BRA,Paris S-G,17.1,1706,1807,94.4,31879,9264,556,573,97.0,981,1008,97.3,141,190,74.2,1,0.5,0.7,+0.5,9,165,5,0,114,DF,30-019,1994
327,Jonas Martin,fr FRA,Brest,13.4,839,962,87.2,14484,3556,361,416,86.8,365,396,92.2,77,97,79.4,1,0.9,0.9,+0.1,15,83,4,0,105,MF,34-054,1990
328,Clinton Mata,ao ANG,Lyon,24.7,1286,1514,84.9,20444,7341,635,699,90.8,526,574,91.6,76,164,46.3,3,2.2,2.7,+0.8,14,80,18,12,97,DF,31-208,1992
329,Eliot Matazo,be BEL,Monaco,1.1,50,63,79.4,817,348,24,28,85.7,19,26,73.1,5,7,71.4,1,1.0,0.7,0.0,2,5,1,0,10,MF,22-108,2002
330,Nemanja Matić,rs SRB,Rennes,11.4,695,804,86.4,13054,4052,239,274,87.2,331,357,92.7,95,125,76.0,0,0.8,0.9,-0.8,12,88,8,2,83,MF,35-306,1988
331,Nemanja Matić,rs SRB,Lyon,13.9,845,989,85.4,14848,4926,365,404,90.3,364,398,91.5,86,128,67.2,0,0.6,1.3,-0.6,7,103,12,0,118,MF,35-306,1988
332,Chrislain Matsima,fr FRA,Clermont Foot,13.1,569,655,86.9,9651,3929,238,262,90.8,287,312,92.0,27,56,48.2,0,0.0,0.1,0.0,0,34,1,0,45,DF,22-018,2002
333,Chrislain Matsima,fr FRA,Monaco,3.3,215,231,93.1,3943,1598,75,84,89.3,120,124,96.8,15,17,88.2,1,0.1,0.1,+0.9,3,39,0,0,31,DF,22-018,2002
334,Azor Matusiwa,nl NED,Reims,15.4,650,750,86.7,11790,3104,236,283,83.4,308,328,93.9,73,92,79.3,0,0.7,0.5,-0.7,15,65,5,0,78,MF,26-035,1998
335,Azor Matusiwa,nl NED,Rennes,8.8,398,454,87.7,7072,2381,160,187,85.6,186,203,91.6,40,46,87.0,1,0.4,0.4,+0.6,10,61,5,1,64,MF,26-035,1998
336,Aïman Maurer,ma MAR,Clermont Foot,0.6,21,29,72.4,304,40,14,17,82.4,7,11,63.6,0,1,0.0,0,0.0,0.0,0.0,0,0,0,0,2,"MF,FW",19-251,2004
337,Christian Mawissa,fr FRA,Toulouse,12.4,511,617,82.8,8500,2791,234,261,89.7,243,280,86.8,27,59,45.8,0,0.3,0.4,-0.3,3,28,4,1,39,DF,19-045,2005
338,Noam Mayoka-Tika,be BEL,Marseille,0.0,1,1,100.0,22,8,0,0,,1,1,100.0,0,0,,0,0.0,0.0,0.0,0,1,0,0,0,MF,20-213,2003
339,Senny Mayulu,fr FRA,Paris S-G,3.6,145,175,82.9,2073,370,82,96,85.4,51,59,86.4,5,6,83.3,1,0.5,0.5,+0.5,6,13,7,3,11,"FW,MF",18-016,2006
340,Youssef Maziz,fr FRA,Metz,1.4,30,39,76.9,628,220,10,11,90.9,14,16,87.5,5,10,50.0,0,0.1,0.1,-0.1,3,4,0,0,6,"FW,MF",25-344,1998
341,Ethan Mbappé,fr FRA,Paris S-G,0.5,42,46,91.3,603,187,20,21,95.2,17,20,85.0,1,1,100.0,0,0.0,0.0,0.0,0,4,1,0,1,"MF,DF",17-156,2006
342,Kylian Mbappé,fr FRA,Paris S-G,24.0,801,965,83.0,12061,2391,472,536,88.1,235,288,81.6,55,67,82.1,7,5.7,5.2,+1.3,40,73,44,1,122,FW,25-165,1998
343,Malick Mbaye,sn SEN,Metz,1.7,34,54,63.0,683,120,14,23,60.9,12,21,57.1,6,7,85.7,0,0.2,0.2,-0.2,2,1,1,1,1,"MF,FW",20-057,2004
344,Chancel Mbemba,cd COD,Marseille,24.5,1222,1398,87.4,24175,8626,372,410,90.7,701,770,91.0,130,188,69.1,2,1.0,1.5,+1.0,7,124,11,3,131,DF,29-299,1994
345,Nolan Mbemba,cg CGO,Le Havre,0.2,28,34,82.4,514,105,8,11,72.7,15,15,100.0,3,6,50.0,0,0.0,0.0,0.0,0,3,0,0,5,MF,29-104,1995
346,Christ Mbondi,fr FRA,Reims,0.0,1,1,100.0,10,0,1,1,100.0,0,0,,0,0,,0,0.0,0.0,0.0,0,0,0,0,0,FW,19-226,2004
347,Facundo Medina,ar ARG,Lens,30.2,1823,2112,86.3,32296,11954,738,813,90.8,885,958,92.4,149,256,58.2,3,1.8,2.6,+1.2,25,205,31,7,219,DF,25-005,1999
348,Bamo Meïté,ci CIV,Marseille,7.1,462,507,91.1,7455,2273,216,229,94.3,206,221,93.2,25,36,69.4,0,0.0,0.1,0.0,1,26,1,0,29,DF,22-182,2001
349,Bamo Meïté,ci CIV,Lorient,1.6,48,56,85.7,761,413,23,25,92.0,22,22,100.0,2,7,28.6,0,0.0,0.0,0.0,0,2,1,0,1,DF,22-182,2001
350,Birger Meling,no NOR,Rennes,0.2,7,7,100.0,98,22,5,5,100.0,2,2,100.0,0,0,,0,0.0,0.0,0.0,0,0,0,0,0,DF,29-168,1994
351,Nuno Mendes,pt POR,Paris S-G,3.0,183,222,82.4,3087,712,79,92,85.9,87,100,87.0,14,19,73.7,1,0.4,0.5,+0.6,3,11,2,1,21,DF,21-349,2002
352,Antoine Mendy,fr FRA,Nice,4.6,211,244,86.5,4086,1001,69,77,89.6,116,129,89.9,21,31,67.7,0,0.4,0.2,-0.4,2,15,2,2,12,DF,20-006,2004
353,Benjamin Mendy,fr FRA,Lorient,7.9,318,468,67.9,5341,2047,156,190,82.1,122,170,71.8,29,84,34.5,1,1.9,3.0,-0.9,16,26,18,13,34,DF,29-321,1994
354,Formose Mendy,sn SEN,Lorient,14.0,587,739,79.4,11323,4269,233,286,81.5,264,299,88.3,74,119,62.2,0,0.1,0.3,-0.1,2,56,4,1,61,DF,23-152,2001
355,Nampalys Mendy,sn SEN,Lens,11.7,577,653,88.4,9505,2648,271,292,92.8,248,273,90.8,43,64,67.2,1,1.1,1.7,-0.1,9,68,12,2,84,MF,31-345,1992
356,Quentin Merlin,fr FRA,Marseille,7.8,360,465,77.4,6916,2515,130,155,83.9,170,207,82.1,52,85,61.2,1,1.1,1.2,-0.1,12,48,9,6,46,DF,22-017,2002
357,Quentin Merlin,fr FRA,Nantes,14.3,615,841,73.1,11723,4968,236,281,84.0,291,371,78.4,75,150,50.0,1,1.3,1.9,-0.3,18,72,28,8,98,DF,22-017,2002
358,Bastien Meupiyou,fr FRA,Nantes,0.1,5,5,100.0,100,3,1,1,100.0,4,4,100.0,0,0,,0,0.0,0.0,0.0,0,0,0,0,0,DF,18-075,2006
359,Lucas Michel,fr FRA,Monaco,0.1,1,1,100.0,9,0,1,1,100.0,0,0,,0,0,,0,0.0,0.0,0.0,0,0,0,0,0,FW,20-043,2004
360,Georges Mikautadze,ge GEO,Metz,19.4,299,430,69.5,4511,1182,141,187,75.4,116,157,73.9,19,37,51.4,4,2.4,1.0,+1.6,21,30,13,1,51,FW,23-215,2000
361,Takumi Minamino,jp JPN,Monaco,23.5,646,885,73.0,9574,2740,359,455,78.9,213,280,76.1,36,75,48.0,6,4.9,4.3,+1.1,34,53,36,3,97,MF,29-138,1995
362,Lucas Mincarelli,fr FRA,Montpellier,10.9,326,438,74.4,5326,1994,160,192,83.3,135,160,84.4,21,57,36.8,1,0.6,0.8,+0.4,4,14,7,2,26,"DF,MF",20-149,2004
363,Ignacio Miramon,ar ARG,Lille,0.4,28,32,87.5,492,135,11,12,91.7,13,14,92.9,3,4,75.0,0,0.0,0.0,0.0,0,2,0,0,3,MF,20-356,2003
364,Terem Moffi,ng NGA,Nice,21.7,274,387,70.8,3694,554,161,200,80.5,87,122,71.3,10,19,52.6,2,3.2,1.1,-1.2,22,14,12,0,27,FW,25-008,1999
365,Mostafa Mohamed,eg EGY,Nantes,22.2,238,369,64.5,3584,698,126,174,72.4,79,124,63.7,17,33,51.5,2,2.4,1.3,-0.4,23,20,10,3,25,FW,26-187,1997
366,Dion Moise Sahi,ci CIV,Strasbourg,7.0,137,175,78.3,2178,421,66,83,79.5,55,67,82.1,9,13,69.2,1,1.3,1.4,-0.3,5,10,8,1,21,"MF,FW",22-165,2001
367,Florent Mollet,fr FRA,Nantes,23.1,826,1063,77.7,12760,3216,425,473,89.9,301,361,83.4,56,160,35.0,4,2.5,2.4,+1.5,38,67,16,3,96,"MF,FW",32-196,1991
368,Enzo Mongo,fr FRA,Nantes,0.1,0,2,0.0,0,0,0,0,,0,2,0.0,0,0,,0,0.0,0.0,0.0,0,0,0,0,0,DF,19-055,2005
369,Diego Moreira,pt POR,Lyon,3.0,74,108,68.5,1070,252,46,60,76.7,24,34,70.6,2,8,25.0,0,0.3,0.2,-0.3,3,4,3,0,12,"FW,MF",19-301,2004
370,Lebo Mothiba,za RSA,Strasbourg,6.9,86,118,72.9,1087,191,53,64,82.8,23,31,74.2,2,2,100.0,0,0.2,0.5,-0.2,5,6,2,1,9,FW,28-126,1996
371,Steve Mounié,bj BEN,Brest,19.7,282,454,62.1,3928,730,155,236,65.7,94,155,60.6,13,19,68.4,2,2.1,1.4,-0.1,21,27,9,3,25,FW,29-247,1994
372,Samuel Moutoussamy,cd COD,Nantes,12.3,417,498,83.7,6505,1983,219,245,89.4,158,187,84.5,22,36,61.1,0,0.6,1.1,-0.6,11,42,5,0,59,MF,27-295,1996
373,Loris Mouyokolo,fr FRA,Lorient,1.0,48,55,87.3,781,285,19,20,95.0,27,30,90.0,0,2,0.0,0,0.0,0.0,0.0,0,0,0,0,0,DF,23-011,2001
374,François Mughe,cm CMR,Marseille,2.0,29,45,64.4,492,219,12,18,66.7,12,17,70.6,3,4,75.0,0,0.1,0.2,-0.1,2,1,5,3,7,"MF,DF",19-352,2004
375,Joel Mugisha,no NOR,Lorient,2.0,,,,,,,,,,,,,,,0,,,,,,,,,FW,21-203,2002
376,Nordi Mukiele,fr FRA,Paris S-G,8.8,486,578,84.1,7865,2275,235,266,88.3,208,231,90.0,28,45,62.2,0,0.1,0.4,-0.1,3,20,4,1,32,DF,26-214,1997
377,Marshall Munetsi,zw ZIM,Reims,24.1,380,542,70.1,6066,1820,190,254,74.8,143,185,77.3,29,51,56.9,3,1.0,2.2,+2.0,12,42,11,3,67,MF,27-346,1996
378,Yvon Mvogo,ch SUI,Lorient,34.0,869,1149,75.6,23076,16310,155,156,99.4,450,460,97.8,259,527,49.1,0,0.0,0.0,0.0,0,7,1,0,0,GK,29-362,1994
379,Joel Mvuka,no NOR,Lorient,0.2,33,49,67.3,500,98,19,23,82.6,10,18,55.6,2,5,40.0,0,0.0,0.2,0.0,0,1,0,0,1,"DF,FW",21-203,2002
380,Junior Mwanga,fr FRA,Strasbourg,16.1,416,521,79.8,7563,1911,167,205,81.5,191,225,84.9,47,62,75.8,1,0.8,0.8,+0.2,13,48,9,0,56,"MF,FW",21-022,2003
381,Kévin N'Doram,fr FRA,Metz,17.8,481,611,78.7,9883,3029,163,202,80.7,233,277,84.1,78,109,71.6,2,0.5,0.3,+1.5,7,52,4,0,62,MF,28-132,1996
382,Bilal Nadir,fr FRA,Marseille,1.3,41,47,87.2,570,100,26,26,100.0,12,15,80.0,2,2,100.0,0,0.1,0.1,-0.1,2,3,2,0,4,"MF,FW",20-187,2003
383,Mahamadou Nagida,cm CMR,Rennes,1.2,47,65,72.3,815,214,24,28,85.7,17,24,70.8,5,8,62.5,0,0.3,0.3,-0.3,3,2,3,3,2,DF,18-340,2005
384,Keito Nakamura,jp JPN,Reims,15.3,292,400,73.0,4714,1083,136,172,79.1,113,145,77.9,26,45,57.8,1,1.3,2.2,-0.3,14,28,16,2,56,"FW,MF",23-310,2000
385,Keylor Navas,cr CRC,Paris S-G,4.0,91,98,92.9,1934,1059,17,17,100.0,62,62,100.0,12,19,63.2,0,0.0,0.0,0.0,0,1,0,0,0,GK,37-170,1986
386,Youssouf Ndayishimiye,bi BDI,Nice,19.0,1223,1361,89.9,19183,5129,630,674,93.5,488,532,91.7,60,92,65.2,0,0.5,0.5,-0.5,11,85,6,0,96,"MF,DF",25-219,1998
387,Bassirou Ndiaye,sn SEN,Lorient,1.7,27,39,69.2,336,75,17,21,81.0,5,8,62.5,2,5,40.0,0,0.2,0.2,-0.2,2,2,0,0,1,FW,22-108,2002
388,Iliman Ndiaye,sn SEN,Marseille,18.0,465,562,82.7,6725,1493,241,279,86.4,188,219,85.8,13,20,65.0,3,2.6,2.9,+0.4,22,37,15,3,62,"FW,MF",24-088,2000
389,Massamba Ndiaye,sn SEN,Clermont Foot,4.0,129,174,74.1,3283,2090,31,31,100.0,52,52,100.0,45,87,51.7,0,0.0,0.0,0.0,0,1,0,0,1,GK,22-238,2001
390,Rassoul Ndiaye,sn SEN,Le Havre,5.8,209,263,79.5,3458,852,84,104,80.8,100,115,87.0,13,22,59.1,0,0.3,0.6,-0.3,2,30,4,2,25,"MF,FW",22-174,2001
391,Cher Ndour,it ITA,Paris S-G,0.3,23,25,92.0,285,39,14,15,93.3,5,6,83.3,1,1,100.0,0,0.0,0.0,0.0,0,2,0,0,2,MF,19-311,2004
392,Joseph Nduquidi,fr FRA,Metz,8.3,173,212,81.6,3112,705,79,95,83.2,79,95,83.2,14,18,77.8,0,0.1,0.1,-0.1,2,10,1,0,22,"MF,DF",19-215,2004
393,Loïc Nego,hu HUN,Le Havre,17.3,481,639,75.3,7463,3221,256,309,82.8,186,252,73.8,25,44,56.8,3,1.0,1.6,+2.0,13,30,19,11,64,"DF,MF",33-139,1991
394,Steve Ngoura,fr FRA,Le Havre,2.5,33,50,66.0,569,200,15,22,68.2,16,24,66.7,2,3,66.7,1,0.1,0.2,+0.9,1,5,2,0,9,"FW,MF",19-101,2005
395,Shamar Nicholson,jm JAM,Clermont Foot,16.5,272,386,70.5,4088,711,143,200,71.5,87,126,69.0,20,25,80.0,3,1.1,1.0,+1.9,18,25,6,0,33,FW,27-078,1997
396,Rasmus Nicolaisen,dk DEN,Toulouse,32.5,1426,1679,84.9,27959,10332,450,513,87.7,822,897,91.6,143,242,59.1,0,0.6,0.5,-0.6,5,71,2,0,95,DF,27-078,1997
397,Arnaud Nordin,fr FRA,Montpellier,13.8,304,390,77.9,4665,1231,151,182,83.0,113,134,84.3,21,34,61.8,3,3.0,1.4,0.0,21,31,22,4,52,"FW,MF",25-351,1998
398,Ernest Nuamah,gh GHA,Lyon,20.4,535,692,77.3,8568,1884,273,319,85.6,193,246,78.5,44,75,58.7,2,3.8,5.2,-1.8,29,30,31,5,74,"FW,MF",20-214,2003
399,Gerzino Nyamsi,fr FRA,Strasbourg,12.1,555,632,87.8,11520,4040,136,156,87.2,345,362,95.3,66,101,65.3,0,0.2,0.1,-0.2,4,19,0,0,25,DF,27-132,1997
400,Rabby Nzingoula,cg CGO,Strasbourg,1.5,27,43,62.8,417,105,10,16,62.5,14,19,73.7,1,3,33.3,1,0.1,0.0,+0.9,2,3,1,0,8,"MF,FW",18-190,2005
401,Jake O'Brien,ie IRL,Lyon,26.3,1270,1440,88.2,24904,8108,413,453,91.2,662,722,91.7,167,221,75.6,2,1.1,0.2,+0.9,5,68,3,0,68,DF,23-018,2001
402,Florent Ogier,fr FRA,Clermont Foot,10.5,425,512,83.0,7821,3241,160,172,93.0,206,231,89.2,44,90,48.9,1,0.5,0.5,+0.5,1,13,0,0,17,DF,35-073,1989
403,Joseph Okumu,ke KEN,Reims,19.4,1062,1293,82.1,24636,8011,204,241,84.6,640,694,92.2,207,322,64.3,0,0.0,0.2,0.0,0,108,2,1,94,DF,27-007,1997
404,Warmed Omari,fr FRA,Rennes,23.0,1162,1291,90.0,23681,8572,330,374,88.2,661,701,94.3,150,175,85.7,0,0.3,0.6,-0.3,5,100,4,0,123,DF,24-040,2000
405,Becir Omeragic,ch SUI,Montpellier,25.7,904,1060,85.3,17025,5657,341,378,90.2,443,476,93.1,98,165,59.4,0,0.7,0.4,-0.7,10,63,2,0,71,"DF,MF",22-134,2002
406,Jean Onana,cm CMR,Marseille,6.3,398,458,86.9,6747,1578,166,178,93.3,199,217,91.7,20,39,51.3,0,0.1,0.2,-0.1,2,38,4,0,32,MF,24-146,2000
407,Royce Openda Owaga,ga GAB,Lorient,0.2,2,3,66.7,27,15,1,2,50.0,1,1,100.0,0,0,,0,0.0,0.0,0.0,0,0,0,0,0,FW,22-042,2002
408,Christopher Operi,fr FRA,Le Havre,27.2,1147,1570,73.1,19725,7747,558,658,84.8,443,572,77.4,115,265,43.4,4,4.0,4.8,0.0,46,70,26,16,82,DF,27-034,1997
409,Gift Orban,ng NGA,Lyon,5.3,73,103,70.9,1022,169,40,52,76.9,19,26,73.1,5,11,45.5,0,0.0,0.2,0.0,0,3,2,0,6,FW,21-321,2002
410,Kassoum Ouattara,fr FRA,Monaco,7.1,213,329,64.7,3743,1188,99,137,72.3,92,133,69.2,19,45,42.2,0,1.3,0.8,-1.3,6,15,6,2,22,"DF,FW",19-232,2004
411,Alexandre Oukidja,dz ALG,Metz,33.2,513,1002,51.2,18669,15112,49,50,98.0,199,206,96.6,264,741,35.6,0,0.0,0.1,0.0,0,24,0,0,3,GK,35-319,1988
412,Azzedine Ounahi,ma MAR,Marseille,13.4,722,817,88.4,11181,3153,367,407,90.2,281,300,93.7,35,50,70.0,0,1.4,1.7,-1.4,15,81,17,3,98,MF,24-044,2000
413,Adam Ounas,dz ALG,Lille,4.6,138,194,71.1,2338,766,70,84,83.3,47,64,73.4,16,29,55.2,0,1.9,1.8,-1.9,13,7,11,5,20,FW,27-204,1996
414,Patrick Ouotro,ci CIV,Strasbourg,0.1,1,2,50.0,18,4,0,1,0.0,1,1,100.0,0,0,,0,0.0,0.0,0.0,0,1,0,0,1,FW,18-263,2005
415,Pablo Pagis,fr FRA,Lorient,1.8,46,61,75.4,795,127,19,23,82.6,20,26,76.9,5,9,55.6,0,0.0,0.2,0.0,0,2,0,0,5,MF,21-156,2002
416,Nicolas Pallois,fr FRA,Nantes,17.7,620,774,80.1,12807,4616,174,206,84.5,346,384,90.1,94,164,57.3,1,0.4,0.3,+0.6,3,42,5,3,55,DF,36-257,1987
417,Andy Pelmard,fr FRA,Clermont Foot,33.2,1412,1666,84.8,23653,7665,624,678,92.0,656,720,91.1,82,195,42.1,0,0.6,0.9,-0.6,6,86,8,1,120,DF,24-082,2000
418,Aurélien Pelon,fr FRA,Lorient,1.0,26,33,78.8,555,191,8,9,88.9,13,18,72.2,5,5,100.0,0,0.0,0.0,0.0,0,0,0,0,1,DF,20-027,2004
419,Faris Pemi Moumbagna,cm CMR,Marseille,6.1,74,107,69.2,1071,269,45,62,72.6,26,35,74.3,1,3,33.3,1,1.1,0.3,-0.1,4,3,4,1,16,FW,23-337,2000
420,Danilo Pereira,pt POR,Paris S-G,22.2,2089,2223,94.0,40180,13453,631,662,95.3,1277,1321,96.7,163,211,77.3,0,0.0,0.9,0.0,0,222,4,0,148,DF,32-267,1991
421,Mathias Pereira Lage,pt POR,Brest,13.2,266,395,67.3,3999,1074,136,174,78.2,78,118,66.1,26,67,38.8,2,1.7,1.7,+0.3,14,16,5,2,23,"FW,MF",27-185,1996
422,Romain Perraud,fr FRA,Nice,4.1,176,243,72.4,2476,626,103,117,88.0,57,80,71.3,5,20,25.0,1,0.9,0.7,+0.1,3,8,0,0,11,"DF,FW",26-254,1997
423,Lucas Perrin,fr FRA,Strasbourg,30.3,1608,1839,87.4,33227,12865,435,471,92.4,957,1014,94.4,196,319,61.4,1,0.8,1.1,+0.2,6,113,11,2,115,DF,25-196,1998
424,Denis Petrić,rs SRB,Nantes,0.3,6,8,75.0,156,126,2,2,100.0,3,3,100.0,1,2,50.0,0,0.0,0.0,0.0,0,0,0,0,0,GK,36-009,1988
425,Ronaël Pierre-Gabriel,fr FRA,Nantes,6.6,227,289,78.5,3413,1320,110,127,86.6,96,119,80.7,8,18,44.4,0,0.8,0.4,-0.8,2,17,3,1,17,DF,25-355,1998
426,Julien Ponceau,fr FRA,Lorient,24.9,1014,1200,84.5,15686,3946,516,575,89.7,377,424,88.9,69,106,65.1,2,2.7,1.9,-0.7,35,84,30,3,154,MF,23-187,2000
427,Sanjin Prcić,ba BIH,Strasbourg,1.0,44,47,93.6,941,265,15,16,93.8,20,21,95.2,7,7,100.0,0,0.2,0.0,-0.2,3,5,0,0,5,MF,30-195,1993
428,Gonçalo Ramos,pt POR,Paris S-G,15.8,304,397,76.6,3651,601,199,245,81.2,67,90,74.4,7,11,63.6,1,2.4,1.6,-1.4,15,18,9,0,29,FW,22-348,2001
429,Elba Rashani,xk KVX,Clermont Foot,13.1,294,392,75.0,3753,849,191,225,84.9,75,106,70.8,6,17,35.3,0,1.2,0.8,-1.2,12,16,5,3,22,"MF,FW",31-024,1993
430,Guillaume Restes,fr FRA,Toulouse,34.0,666,897,74.2,16109,10808,173,174,99.4,333,342,97.4,156,373,41.8,0,0.0,0.0,0.0,0,3,1,0,0,GK,19-083,2005
431,Alexsandro Ribeiro,br BRA,Lille,24.7,1615,1804,89.5,29871,10802,584,618,94.5,868,934,92.9,128,201,63.7,0,0.5,0.7,-0.5,5,83,5,0,82,DF,24-298,1999
432,Amir Richardson,ma MAR,Reims,15.0,534,651,82.0,9313,1944,235,281,83.6,245,284,86.3,46,65,70.8,1,1.1,1.4,-0.1,12,51,7,2,72,MF,22-130,2002
433,Fabian Rieder,ch SUI,Rennes,4.1,169,212,79.7,3101,976,63,76,82.9,84,97,86.6,16,29,55.2,0,0.6,0.3,-0.6,4,25,6,1,41,MF,22-107,2002
434,Rémy Riou,fr FRA,Lyon,3.0,80,104,76.9,1770,1171,24,25,96.0,44,45,97.8,12,34,35.3,0,0.0,0.0,0.0,0,0,0,0,0,GK,36-301,1987
435,Valentin Rongier,fr FRA,Marseille,9.5,504,577,87.3,9308,2852,178,209,85.2,267,285,93.7,43,62,69.4,0,0.8,1.2,-0.8,9,72,10,1,73,MF,29-178,1994
436,Pablo Rosario,nl NED,Nice,22.3,1056,1187,89.0,17440,5722,478,524,91.2,496,534,92.9,52,80,65.0,0,1.4,1.5,-1.4,17,81,14,3,93,"MF,DF",27-147,1997
437,Valentin Rosier,fr FRA,Nice,0.6,28,33,84.8,401,158,15,17,88.2,11,12,91.7,0,2,0.0,0,0.1,0.1,-0.1,2,2,2,0,5,"DF,MF",27-288,1996
438,Fabián Ruiz Peña,es ESP,Paris S-G,13.3,778,872,89.2,13193,2887,347,378,91.8,352,386,91.2,54,70,77.1,3,1.2,1.5,+1.8,18,53,17,2,78,MF,28-060,1996
439,Emmanuel Sabbi,us USA,Le Havre,17.6,258,368,70.1,3538,1097,147,190,77.4,82,112,73.2,10,20,50.0,1,1.4,1.1,-0.4,10,21,9,3,36,"FW,MF",26-161,1997
440,Falaye Sacko,ml MLI,Montpellier,15.4,605,784,77.2,10049,3666,267,311,85.9,275,343,80.2,41,84,48.8,1,0.4,1.3,+0.6,7,39,13,6,63,DF,29-032,1995
441,Modibo Sagnan,ml MLI,Montpellier,11.7,442,517,85.5,8897,3096,124,147,84.4,236,256,92.2,66,89,74.2,0,0.3,0.4,-0.3,3,27,0,0,25,DF,25-049,1999
442,Wesley Saïd,fr FRA,Lens,11.3,193,268,72.0,2835,706,101,132,76.5,55,79,69.6,15,26,57.7,1,0.9,1.2,+0.1,12,20,12,2,26,"FW,MF",29-044,1995
443,Théo Sainte-Luce,fr FRA,Montpellier,3.8,136,172,79.1,2097,901,67,73,91.8,60,75,80.0,5,14,35.7,0,0.1,0.1,-0.1,1,10,0,0,15,DF,25-226,1998
444,Mamadou Sakho,fr FRA,Montpellier,0.1,15,16,93.8,192,105,8,8,100.0,6,6,100.0,0,0,,0,0.0,0.0,0.0,0,0,0,0,1,DF,34-110,1990
445,Ibrahim Salah,ma MAR,Rennes,5.8,177,232,76.3,2754,612,97,111,87.4,60,82,73.2,12,23,52.2,1,0.5,1.2,+0.5,5,11,7,2,18,"FW,MF",22-277,2001
446,Amine Salama,fr FRA,Reims,3.5,48,73,65.8,752,173,26,38,68.4,19,26,73.1,2,5,40.0,0,0.2,0.2,-0.2,5,7,1,1,7,FW,23-320,2000
447,Mohammed Salisu,gh GHA,Monaco,11.5,657,778,84.4,11352,4819,269,302,89.1,335,372,90.1,37,75,49.3,1,0.2,0.2,+0.8,3,88,4,0,72,DF,25-046,1999
448,Yoann Salmier,gf GUF,Le Havre,17.4,612,767,79.8,10586,4640,271,302,89.7,274,322,85.1,50,117,42.7,1,0.7,1.0,+0.3,6,43,7,1,48,DF,31-194,1992
449,Mama Samba Baldé,gw GNB,Lyon,6.1,88,135,65.2,1223,294,51,66,77.3,26,43,60.5,4,7,57.1,3,2.3,1.2,+0.7,13,4,4,0,11,"FW,MF",28-209,1995
450,Brice Samba,fr FRA,Lens,33.0,880,1122,78.4,23308,15854,172,172,100.0,404,411,98.3,289,519,55.7,0,0.2,0.2,-0.2,2,18,2,0,4,GK,30-038,1994
451,Ibou Sané,sn SEN,Metz,1.4,37,46,80.4,567,191,18,22,81.8,16,17,94.1,1,4,25.0,0,0.0,0.1,0.0,1,5,2,1,7,"MF,FW",19-066,2005
452,Sadibou Sané,sn SEN,Metz,9.4,254,317,80.1,5409,1557,68,81,84.0,141,162,87.0,43,68,63.2,0,0.0,0.1,0.0,1,10,2,2,19,DF,19-358,2004
453,Arouna Sangante,sn SEN,Le Havre,29.9,1233,1521,81.1,24085,9176,453,525,86.3,586,667,87.9,166,270,61.5,0,1.2,0.9,-1.2,17,93,9,2,107,DF,22-051,2002
454,Morgan Sanson,fr FRA,Nice,21.8,630,836,75.4,10830,2818,289,331,87.3,240,300,80.0,71,147,48.3,3,4.0,3.8,-1.0,43,50,20,5,75,MF,29-289,1994
455,Baptiste Santamaria,fr FRA,Rennes,21.4,1055,1207,87.4,19511,5191,409,452,90.5,468,519,90.2,138,171,80.7,1,0.6,1.6,+0.4,13,104,15,0,134,MF,29-085,1995
456,Andrey Santos,br BRA,Strasbourg,9.2,444,511,86.9,7717,2017,186,209,89.0,216,235,91.9,32,43,74.4,0,1.0,0.8,-1.0,6,49,3,0,48,MF,20-030,2004
457,Tiago santos,pt POR,Lille,26.3,1113,1396,79.7,18957,4850,509,582,87.5,483,582,83.0,94,178,52.8,2,2.3,2.6,-0.3,27,83,25,10,105,DF,21-315,2002
458,Amin Sarr,se SWE,Lyon,1.1,13,20,65.0,147,11,6,10,60.0,4,4,100.0,0,1,0.0,0,0.2,0.1,-0.2,1,1,1,0,1,"FW,MF",23-083,2001
459,Ismaila Sarr,sn SEN,Marseille,16.1,366,483,75.8,4949,1093,229,269,85.1,107,152,70.4,10,21,47.6,4,2.5,2.3,+1.5,20,10,15,5,36,"FW,MF",26-098,1998
460,Mamadou Sarr,fr FRA,Lyon,0.1,4,4,100.0,57,7,2,2,100.0,2,2,100.0,0,0,,0,0.0,0.0,0.0,0,0,0,0,0,DF,18-278,2005
461,Martin Satriano,uy URU,Brest,20.7,325,456,71.3,5299,1060,172,233,73.8,105,136,77.2,33,45,73.3,4,2.9,2.6,+1.1,21,22,9,1,37,FW,23-103,2001
462,Téji Savanier,fr FRA,Montpellier,30.7,1306,1888,69.2,27308,10471,477,582,82.0,473,618,76.5,293,562,52.1,6,6.9,8.5,-0.9,91,186,44,8,224,MF,32-163,1991
463,Niklas Schmidt,de GER,Toulouse,14.1,679,840,80.8,13440,4232,263,306,85.9,296,337,87.8,107,159,67.3,1,2.4,2.6,-1.4,28,80,16,7,106,MF,26-093,1998
464,Jérémy Sebas,mq MTQ,Strasbourg,4.4,52,74,70.3,743,138,28,39,71.8,18,28,64.3,2,2,100.0,0,0.0,0.1,0.0,1,3,1,0,6,"FW,MF",21-049,2003
465,Alidu Seidu,gh GHA,Rennes,6.6,309,362,85.4,5076,1287,150,164,91.5,133,152,87.5,17,32,53.1,0,0.1,0.1,-0.1,3,17,4,0,23,DF,23-364,2000
466,Alidu Seidu,gh GHA,Clermont Foot,12.6,623,756,82.4,11437,3446,247,269,91.8,295,350,84.3,62,110,56.4,1,0.7,0.2,+0.3,5,43,0,0,33,DF,23-364,2000
467,Matz Sels,be BEL,Strasbourg,19.0,452,619,73.0,12321,8610,90,90,100.0,213,216,98.6,144,307,46.9,0,0.5,0.1,-0.5,1,11,1,0,0,GK,32-097,1992
468,Marvin Senaya,tg TOG,Strasbourg,23.8,871,1120,77.8,15097,5149,369,431,85.6,416,518,80.3,67,127,52.8,1,2.8,1.9,-1.8,21,63,21,18,74,"DF,MF",23-126,2001
469,Sofiane Sidi Ali,fr FRA,Marseille,0.2,6,7,85.7,121,38,2,2,100.0,2,3,66.7,2,2,100.0,0,0.0,0.0,0.0,0,0,0,0,1,MF,28-324,1995
470,Vincent Sierro,ch SUI,Toulouse,25.1,1020,1316,77.5,19618,6153,366,431,84.9,500,583,85.8,129,239,54.0,2,2.3,2.8,-0.3,32,134,24,5,135,MF,28-238,1995
471,Caio Henrique Oliveira Silva,br BRA,Monaco,6.9,376,464,81.0,6295,2068,175,196,89.3,168,197,85.3,28,53,52.8,5,1.3,2.3,+3.7,13,26,15,2,33,DF,26-307,1997
472,Moses Simon,ng NGA,Nantes,19.9,318,508,62.6,5209,1351,164,212,77.4,114,174,65.5,25,56,44.6,5,3.7,5.6,+1.3,29,27,21,14,36,"FW,MF",28-326,1995
473,Wilfried Singo,ci CIV,Monaco,24.3,1282,1490,86.0,24364,8674,460,508,90.6,633,706,89.7,158,229,69.0,1,1.0,1.1,0.0,14,125,15,3,145,DF,23-160,2000
474,Ayanda Sishuba,be BEL,Lens,0.7,12,14,85.7,192,39,6,8,75.0,6,6,100.0,0,0,,0,0.0,0.0,0.0,1,0,0,0,1,"MF,FW",19-121,2005
475,Ibrahima Sissoko,ml MLI,Strasbourg,18.2,614,752,81.6,11019,3046,242,286,84.6,298,355,83.9,59,87,67.8,1,1.7,1.9,-0.7,12,67,7,1,88,MF,26-219,1997
476,Moussa Sissoko,fr FRA,Nantes,20.2,547,681,80.3,8769,2582,258,312,82.7,233,274,85.0,33,49,67.3,0,1.1,0.8,-1.1,14,41,9,3,74,MF,34-291,1989
477,Milan Škriniar,sk SVK,Paris S-G,18.1,1735,1820,95.3,32486,9850,558,588,94.9,1032,1059,97.5,126,146,86.3,0,0.1,0.3,-0.1,1,89,0,0,61,DF,29-112,1995
478,Naatan Skyttä,fi FIN,Toulouse,1.3,56,61,91.8,923,263,25,26,96.2,25,27,92.6,4,4,100.0,0,0.6,0.2,-0.6,5,5,3,1,12,"MF,FW",22-026,2002
479,Eduard Sobol,ua UKR,Strasbourg,0.3,8,13,61.5,128,55,3,3,100.0,5,7,71.4,0,2,0.0,0,0.0,0.0,0.0,0,0,0,0,1,DF,29-043,1995
480,Emran Soglo,eng ENG,Marseille,1.2,31,39,79.5,442,90,21,24,87.5,9,11,81.8,1,2,50.0,1,0.2,0.0,+0.8,2,2,1,1,3,"MF,DF",18-327,2005
481,Carlos Soler,es ESP,Paris S-G,12.1,670,782,85.7,10803,2917,322,356,90.4,265,299,88.6,50,72,69.4,2,2.4,1.9,-0.4,20,58,17,2,74,"MF,DF",27-152,1997
482,Florian Sotoca,fr FRA,Lens,28.9,1071,1445,74.1,16456,4982,544,665,81.8,380,491,77.4,74,138,53.6,6,6.5,6.3,-0.5,52,102,57,20,156,"MF,FW",33-221,1990
483,Issa Soumaré,sn SEN,Le Havre,2.6,33,62,53.2,428,98,20,32,62.5,10,19,52.6,0,2,0.0,0,0.6,0.1,-0.6,3,1,0,0,4,"FW,MF",23-236,2000
484,Saidou Sow,gn GUI,Strasbourg,8.0,301,353,85.3,5779,1946,98,108,90.7,175,186,94.1,23,50,46.0,1,0.5,0.4,+0.5,2,24,3,0,24,DF,21-334,2002
485,Stijn Spierings,nl NED,Toulouse,16.8,944,1089,86.7,16872,5521,412,455,90.5,397,434,91.5,105,146,71.9,1,0.6,1.0,+0.4,14,144,8,0,157,MF,28-082,1996
486,Stijn Spierings,nl NED,Lens,1.3,50,59,84.7,889,305,22,27,81.5,22,24,91.7,4,5,80.0,0,0.0,0.0,0.0,0,6,0,0,9,MF,28-082,1996
487,Benjamin Stambouli,fr FRA,Reims,3.2,95,130,73.1,1740,636,32,47,68.1,51,58,87.9,8,18,44.4,1,0.1,0.3,+0.9,3,10,3,2,8,MF,33-294,1990
488,Gabriel Suazo,cl CHI,Toulouse,26.2,1163,1482,78.5,18986,6659,566,644,87.9,491,614,80.0,79,149,53.0,4,3.0,4.1,+1.0,43,72,45,11,114,DF,26-298,1997
489,Abakar Sylla,ci CIV,Strasbourg,19.9,1111,1266,87.8,19769,6698,436,473,92.2,567,618,91.7,81,139,58.3,0,0.5,0.2,-0.5,5,52,4,0,72,DF,21-160,2002
490,Dembo Sylla,gn GUI,Lorient,0.5,19,22,86.4,378,24,9,9,100.0,7,8,87.5,3,4,75.0,0,0.0,0.0,0.0,0,0,1,0,1,DF,21-205,2002
491,Issiaga Sylla,gn GUI,Montpellier,16.2,528,719,73.4,9051,3985,242,300,80.7,218,271,80.4,51,108,47.2,2,1.7,1.0,+0.3,16,34,10,7,43,"DF,FW",30-153,1994
492,Musa Al-Taamari,jo JOR,Montpellier,21.4,402,553,72.7,5492,1444,233,290,80.3,119,158,75.3,16,26,61.5,2,3.5,2.0,-1.5,20,21,28,0,54,FW,26-358,1997
493,Nicolás Tagliafico,ar ARG,Lyon,23.6,999,1175,85.0,15340,5299,513,565,90.8,398,455,87.5,52,87,59.8,1,1.0,1.7,0.0,18,82,20,5,105,DF,31-276,1992
494,Montassar Talbi,tn TUN,Lorient,24.5,1008,1188,84.8,18865,7775,332,365,91.0,575,619,92.9,84,174,48.3,0,0.2,0.5,-0.2,7,77,7,0,88,DF,26-007,1998
495,Oussama Targhalline,ma MAR,Le Havre,11.4,600,704,85.2,9591,3081,301,337,89.3,229,257,89.1,45,67,67.2,0,0.4,0.5,-0.4,8,67,10,3,70,MF,22-013,2002
496,Enzo Tchato,cm CMR,Montpellier,12.5,478,639,74.8,8024,3281,227,267,85.0,192,244,78.7,44,101,43.6,0,0.3,0.8,-0.3,7,45,15,11,46,DF,21-192,2002
497,Arnau Tenas,es ESP,Paris S-G,5.9,173,211,82.0,4055,2464,36,36,100.0,100,100,100.0,37,75,49.3,1,0.8,0.2,+0.2,1,4,0,0,0,GK,23-003,2001
498,Martin Terrier,fr FRA,Rennes,17.0,395,497,79.5,5865,1309,220,277,79.4,135,160,84.4,23,24,95.8,3,2.6,2.4,+0.4,16,34,18,0,58,"FW,MF",27-090,1997
499,Benjamin Tetteh,gh GHA,Metz,3.1,49,77,63.6,633,148,24,37,64.9,19,29,65.5,0,1,0.0,0,0.1,0.2,-0.1,2,7,0,0,6,"FW,MF",26-328,1997
500,Teddy Teuma,mt MLT,Reims,23.5,1181,1512,78.1,20531,6156,534,622,85.9,467,556,84.0,128,240,53.3,3,3.7,4.3,-0.7,42,121,31,8,157,MF,30-246,1993
501,Arthur Theate,be BEL,Rennes,25.5,1444,1640,88.0,28379,10833,445,479,92.9,821,880,93.3,153,237,64.6,0,0.8,1.3,-0.8,6,129,7,4,151,DF,24-008,2000
502,Adrien Thomasson,fr FRA,Lens,13.3,506,679,74.5,7672,1909,261,319,81.8,192,248,77.4,27,52,51.9,2,3.9,3.8,-1.9,30,44,15,3,68,MF,30-175,1993
503,Khéphren Thuram,fr FRA,Nice,23.4,978,1134,86.2,15397,3692,507,561,90.4,391,449,87.1,49,75,65.3,1,3.7,3.2,-2.7,31,82,24,6,104,MF,23-068,2001
504,Cheikh Tidiane Sabaly,sn SEN,Metz,15.3,290,370,78.4,4575,1070,139,175,79.4,123,150,82.0,17,21,81.0,1,1.2,0.7,-0.2,9,23,4,0,36,"FW,MF",25-090,1999
505,Jean-Clair Todibo,fr FRA,Nice,29.5,2228,2487,89.6,38405,14380,982,1034,95.0,1068,1136,94.0,143,265,54.0,2,1.6,1.2,+0.4,9,113,7,1,150,DF,24-155,1999
506,Corentin Tolisso,fr FRA,Lyon,19.3,1059,1257,84.2,19107,5916,452,513,88.1,447,510,87.6,124,168,73.8,1,1.8,3.6,-0.8,26,126,30,11,153,MF,29-304,1994
507,Abdoulaye Touré,gn GUI,Le Havre,25.4,1031,1238,83.3,18110,5195,413,483,85.5,475,546,87.0,92,122,75.4,0,0.9,0.9,-0.9,12,119,7,0,148,MF,30-091,1994
508,Souleymane Touré,fr FRA,Lorient,22.8,1144,1280,89.4,18783,6849,508,550,92.4,509,551,92.4,76,105,72.4,1,0.4,1.6,+0.6,7,66,5,2,73,DF,21-066,2003
509,Daouda Traoré,fr FRA,Nice,0.2,9,9,100.0,130,26,5,5,100.0,4,4,100.0,0,0,,0,0.0,0.0,0.0,0,2,0,0,1,MF,17-316,2006
510,Ismaël Traoré,ci CIV,Metz,24.7,674,777,86.7,14688,5850,138,157,87.9,423,456,92.8,108,155,69.7,0,0.2,0.1,-0.2,2,22,1,0,32,DF,37-289,1986
511,Adrien Truffert,fr FRA,Rennes,23.8,1047,1333,78.5,16183,5530,557,641,86.9,420,537,78.2,43,85,50.6,2,1.8,2.0,+0.2,19,55,22,10,98,DF,22-195,2001
512,Matthieu Udol,fr FRA,Metz,30.0,969,1300,74.5,17243,7209,402,473,85.0,475,582,81.6,78,192,40.6,3,3.1,2.1,-0.1,32,70,24,16,98,DF,28-074,1996
513,Manuel Ugarte Ribeiro,uy URU,Paris S-G,21.5,1214,1331,91.2,22281,4148,463,512,90.4,627,659,95.1,104,122,85.2,2,0.9,1.0,+1.1,14,99,6,0,87,MF,23-052,2001
514,Samuel Umtiti,fr FRA,Lille,2.1,156,165,94.5,2948,750,49,52,94.2,89,92,96.7,14,17,82.4,0,0.0,0.0,0.0,0,5,0,0,8,DF,30-201,1993
515,Kévin Van Den Kerkhof,dz ALG,Metz,21.3,315,551,57.2,5347,1621,159,219,72.6,104,181,57.5,43,96,44.8,2,3.5,2.3,-1.5,21,11,20,15,28,"FW,MF",28-080,1996
516,Vanderson,br BRA,Monaco,18.2,734,992,74.0,12230,4003,367,443,82.8,274,371,73.9,65,122,53.3,1,1.4,2.0,-0.4,19,47,24,3,71,DF,22-347,2001
517,Jordan Veretout,fr FRA,Marseille,24.3,1049,1341,78.2,19875,6368,374,428,87.4,522,623,83.8,120,226,53.1,2,5.0,4.6,-3.0,48,144,34,9,194,MF,31-093,1993
518,Alan Virginius,fr FRA,Lille,0.8,14,17,82.4,183,45,7,8,87.5,5,7,71.4,0,0,,0,0.0,0.0,0.0,1,2,0,0,2,FW,21-151,2003
519,Alan Virginius,fr FRA,Clermont Foot,10.4,136,209,65.1,1961,554,71,92,77.2,46,74,62.2,6,14,42.9,2,1.5,2.7,+0.5,11,9,5,2,21,FW,21-151,2003
520,Vitinha,pt POR,Marseille,10.3,159,217,73.3,2217,594,87,103,84.5,51,66,77.3,8,14,57.1,2,2.9,2.4,-0.9,18,13,10,3,23,FW,24-079,2000
521,Vitinha,pt POR,Paris S-G,23.6,1659,1850,89.7,27065,6716,833,895,93.1,640,691,92.6,124,158,78.5,4,3.1,4.0,+0.9,37,155,32,2,182,MF,24-110,2000
522,Elye Wahi,fr FRA,Montpellier,0.2,6,6,100.0,99,22,3,3,100.0,3,3,100.0,0,0,,0,0.6,0.1,-0.6,1,0,0,0,1,FW,21-152,2003
523,Elye Wahi,fr FRA,Lens,18.8,214,295,72.5,2542,322,125,160,78.1,55,79,69.6,7,11,63.6,3,2.6,1.0,+0.4,16,8,4,0,15,FW,21-152,2003
524,Mateusz Wieteska,pl POL,Clermont Foot,1.9,89,114,78.1,1763,785,23,30,76.7,56,60,93.3,8,21,38.1,0,0.0,0.0,0.0,0,11,0,0,6,DF,27-112,1997
525,Josh Wilson-Esbrand,eng ENG,Reims,5.1,186,252,73.8,3191,823,91,108,84.3,75,93,80.6,18,38,47.4,1,1.0,0.8,0.0,5,12,5,1,19,"DF,MF",21-159,2002
526,Christopher Wooh,cm CMR,Rennes,15.4,675,789,85.6,13895,5198,181,206,87.9,402,438,91.8,80,123,65.0,0,0.7,0.4,-0.7,6,57,3,0,61,DF,22-258,2001
527,Abduqodir Xusanov,uz UZB,Lens,9.0,383,439,87.2,7213,2415,140,152,92.1,203,219,92.7,36,59,61.0,0,0.1,0.2,-0.1,1,28,1,0,23,DF,20-094,2004
528,Yusuf Yazıcı,tr TUR,Lille,14.6,377,489,77.1,5416,1323,215,261,82.4,110,140,78.6,23,37,62.2,2,1.9,3.1,+0.1,18,37,11,1,48,"MF,FW",27-125,1997
529,Kelvin Yeboah,it ITA,Montpellier,3.1,58,79,73.4,762,190,35,40,87.5,18,26,69.2,1,4,25.0,0,0.3,0.1,-0.3,5,3,0,0,5,FW,24-027,2000
530,Bertuğ Yıldırım,tr TUR,Rennes,5.2,73,106,68.9,1066,194,37,51,72.5,26,40,65.0,4,6,66.7,1,0.7,0.2,+0.3,4,7,1,0,11,FW,21-326,2002
531,Darlin Yongwa,cm CMR,Lorient,12.9,421,614,68.6,6547,2244,217,266,81.6,148,210,70.5,32,77,41.6,1,1.4,2.0,-0.4,11,32,19,13,43,DF,23-254,2000
532,Leny Yoro,fr FRA,Lille,29.7,1731,1880,92.1,31353,9753,628,657,95.6,936,979,95.6,124,193,64.2,0,0.1,0.3,-0.1,2,52,1,0,68,DF,18-202,2005
533,Etienne Youte Kinkoue,fr FRA,Le Havre,21.6,833,962,86.6,16457,5709,257,277,92.8,465,489,95.1,94,175,53.7,0,0.1,0.2,-0.1,3,41,0,0,31,DF,22-140,2002
534,Yoram Zague,fr FRA,Paris S-G,4.1,304,334,91.0,5124,997,141,147,95.9,141,150,94.0,17,26,65.4,0,0.5,0.2,-0.5,3,29,1,0,13,DF,18-018,2006
535,Warren Zaire-Emery,fr FRA,Paris S-G,21.8,1311,1428,91.8,19542,4001,692,744,93.0,517,547,94.5,41,46,89.1,3,3.2,3.3,-0.2,21,121,21,2,116,"MF,DF",18-086,2006
536,Denis Zakaria,ch SUI,Monaco,23.7,1081,1184,91.3,18845,5961,463,502,92.2,515,548,94.0,74,92,80.4,0,1.1,1.1,-1.1,11,102,10,4,107,"MF,DF",27-195,1996
537,Mehdi Zeffane,dz ALG,Clermont Foot,13.7,500,666,75.1,8521,3237,239,283,84.5,206,268,76.9,47,93,50.5,0,0.4,0.8,-0.4,9,43,5,3,53,"DF,MF",32-014,1992
538,Nathan Zeze,fr FRA,Nantes,11.4,407,481,84.6,7796,2854,133,152,87.5,234,255,91.8,35,65,53.8,0,0.0,0.1,0.0,0,22,1,0,30,DF,18-350,2005
539,Edon Zhegrova,xk KVX,Lille,25.4,764,1043,73.3,12061,3392,408,473,86.3,296,394,75.1,42,115,36.5,6,6.2,7.8,-0.2,46,43,53,13,90,FW,25-063,1999
540,Luc Zogbé,ci CIV,Brest,0.1,5,7,71.4,57,12,4,4,100.0,1,1,100.0,0,2,0.0,0,0.0,0.0,0.0,0,0,0,0,0,DF,19-070,2005
